Principales Canales,,,,,,,,,,,,,,,,,,,,,,,,,,,,,,,,,,,,,,,,,,,,,,,,,,,,,,,,,,,
,,,,,,,,,,,,,,,,,,,,,,,,,,,,,,,,,,,,,,,,,,,,,,,,,,,,,,,,,,,
,,,Datos erroneos no confiables de Sale-U,,,,-,Sin datos,,,,,,,,,,,,,,,,,,,,,,,,,,,,,,,,,,,,,,,,,,,,,,,,,,,
,,,,,,,,,,,,,,,,,,,,,,,,,,,,,,,,,,,,,,,,,,,,,,,,,,,,,,,,,,,
Ventas X Mes , 12 , 7 , 8 , 13 , 6 , 21 , 17 , 17 , 23 , 22 , 32 , 26 , 20 , 30 , 30 , 34 , 40 , 36 , 27 , 38 , 40 , 42 , 34 , 38 , 30 , 41 , 41 , 35 , 37 , 33 ,,,,,,,,,,,,,,,,,,,,,,,,,,,,,
Piso,,,,,,,,,,,,,,,,,,,,,,,,,,,,,,,,Conversion,,,,,,,,,,,,,,,,,,,,,,,,,,,
Piso ,"Febrero, 24","Marzo, 24","Abril, 24","Mayo, 24","Junio, 24","Julio, 24","Agosto, 24","Septiembre, 24","Octubre, 24","Noviembre, 24","Diciembre, 24","Enero, 25","Febrero, 25","Marzo, 25","Abril, 25","Mayo, 25","Junio, 25","Julio, 25","Agosto, 25","Septiembre, 25","Octubre, 25","Noviembre, 25","Diciembre, 25","Enero, 26","Febrero, 26","Marzo, 26","Abril, 26","Mayo, 26","Junio, 26","Julio,26",,Historica,Año actual ,Ultimos 3 meses ,,,,,,,,,,,,,,,,,,,,,,,,,
Leads ,329,19,76,87,55,92,77,57,43,50,64,71,64,80,43,65,59,63,71,58,72,81,76,97,94,105,79,115,85,36,,12.51%,8.90%,10.72%,,,,,,,,,,,,,,,,,,,,,,,,,
Efectivos ,,,,,,,,,,,,71,64,80,43,65,59,63,71,58,72,81,76,97,94,105,79,115,84,36,,,,,,,,,,,,,,,,,,,,,,,,,,,,,
SDC ,-,-,-,-,-,51,32,28,38,32,42,34,23,28,13,16,13,12,22,21,24,21,27,27,18,24,18,24,22,7,,Aporte,,,,,,,,,,,,,,,,,,,,,,,,,,,
PDM ,22,13,35,40,28,35,31,28,14,25,32,28,33,32,28,34,31,29,44,31,48,43,22,46,28,41,36,45,42,16,,Historica,Año actual ,Ultimos 3 meses ,,,,,,,,,,,,,,,,,,,,,,,,,
Citas Programadas ,9,28,15,38,78,75,65,37,31,18,42,71,64,80,34,65,59,63,71,58,72,81,76,97,94,105,12,73,28,11,,28.44%,22.67%,24.05%,,,,,,,,,,,,,,,,,,,,,,,,,
Citas Efectivas ,4,16,6,16,60,57,46,19,25,14,36,71,64,80,34,65,59,63,71,58,72,81,76,97,94,105,10,59,25,8,,,,,,,,,,,,,,,,,,,,,,,,,,,,,
Ventas ,9,4,10,1,3,10,9,6,3,11,8,10,11,9,13,12,10,7,7,7,11,9,9,6,7,8,9,9,11,2,,Cota (Ventas) Ultimos 6ms,,,,,,,,,,,,,,,,,,,,,,,,,,,
Conversion ,2.74%,21.05%,13.16%,1.15%,5.45%,10.87%,11.69%,10.53%,6.98%,22.00%,12.50%,14.08%,17.19%,11.25%,30.23%,18.46%,16.95%,11.11%,9.86%,12.07%,15.28%,11.11%,11.84%,6.19%,7.45%,7.62%,11.39%,7.83%,12.94%,5.56%,,Minima ,Optima ,Maxima ,,,,,,,,,,,,,,,,,,,,,,,,,
Aporte ,75.00%,57.14%,125.00%,7.69%,50.00%,47.62%,52.94%,35.29%,13.04%,50.00%,25.00%,38.46%,55.00%,30.00%,43.33%,35.29%,25.00%,19.44%,25.93%,18.42%,27.50%,21.43%,26.47%,15.79%,23.33%,19.51%,21.95%,25.71%,29.73%,6.06%,,7,9,10,,,,,,,,,,,,,,,,,,,,,,,,,
,,,,,,,,,,,,,Promedio  conversion Historico ,12.70%,Promedio Aporte Historico,29.67%,,,,,,,,,,,,,,,,,,,,,,,,,,,,,,,,,,,,,,,,,,,
, 37 , 5 , 8 , 87 , 18 , 9 , 9 , 10 , 14 , 5 , 8 , 7 , 6 , 9 , 3 , 5 , 6 , 9 , 10 , 8 , 7 , 9 , 8 , 16 , 13 , 13 , 9 , 13 , 8 , 18 ,,"* Suma de todas las Plazas Angelopolis + Plaza Tlax y Pachuca,",,,,,,,,,,,,,,,,,,,,,,,,,,,
Plazas,,,,,,,,,,,,,,,,,,,,,,,,,,,,,,,,Conversion,,,,,,,,,,,,,,,,,,,,,,,,,,,
Plazas ,"Febrero, 24","Marzo, 24","Abril, 24","Mayo, 24","Junio, 24","Julio, 24","Agosto, 24","Septiembre, 24","Octubre, 24","Noviembre, 24","Diciembre, 24","Enero, 25","Febrero, 25","Marzo, 25","Abril, 25","Mayo, 25","Junio, 25","Julio, 25","Agosto, 25","Septiembre, 25","Octubre, 25","Noviembre, 25","Diciembre, 25","Enero, 26","Febrero, 26","Marzo, 26","Abril, 26","Mayo, 26","Junio, 26","Julio,26",,Historica,Año actual ,Ultimos 3 meses ,,,,,,,,,,,,,,,,,,,,,,,,,
Leads ,0,0,25,28,68,294,248,52,59,154,280,172,184,275,301,275,355,492,397,312,324,274,325,290,433,401,351,352,403,145,,2.28%,1.94%,1.94%,,,,,,,,,,,,,,,,,,,,,,,,,
Efectivos ,,,,,,,,,,,,,,,,,,,281,218,226,209,291,261,387,364,351,347,403,145,,,,,,,,,,,,,,,,,,,,,,,,,,,,,
SDC ,-,-,-,-,-,-,-,-,-,-,26,22,16,27,19,23,35,36,25,44,38,31,34,23,25,26,12,18,16,3,,Aporte,,,,,,,,,,,,,,,,,,,,,,,,,,,
PDM ,-,-,1,11,5,6,17,8,5,19,14,22,28,20,23,23,44,37,30,41,43,33,18,15,39,35,30,31,41,12,,Historica,Año actual ,Ultimos 3 meses ,,,,,,,,,,,,,,,,,,,,,,,,,
Citas Programadas ,,,1,3,2,30,50,13,13,20,40,53,48,35,52,29,90,77,67,74,77,60,46,23,105,70,41,68,100,26,,20.27%,19.49%,19.49%,,,,,,,,,,,,,,,,,,,,,,,,,
,,,,,,,,,,,,,,,,,,,,,,,14%,8%,24%,17%,12%,19%,25%,18%,,,,,,,,,,,,,,,,,,,,,,,,,,,,,
Citas Efectivas ,,,,2,2,8,18,4,6,10,19,35,36,28,25,27,61,51,44,52,48,32,41,19,82,55,31,49,59,15,,,,,,,,,,,,,,,,,,,,,,,,,,,,,
,,,,,,,,,,,,,,,,,,,,,,,,7%,19%,14%,9%,14%,15%,,,,,,,,,,,,,,,,,,,,,,,,,,,,,,
Ventas ,0,0,0,0,0,2,3,0,2,3,7,4,1,3,8,5,13,14,6,15,12,11,9,6,6,7,7,7,10,1,,Cota (Ventas) Ultimos 6ms,,,,,,,,,,,,,,,,,,,,,,,,,,,
Conversion ,0.00%,0.00%,0.00%,0.00%,0.00%,0.68%,1.21%,0.00%,3.39%,1.95%,2.50%,2.33%,0.54%,1.09%,2.66%,1.82%,3.66%,2.85%,1.51%,4.81%,3.70%,4.01%,2.77%,2.07%,1.39%,1.75%,1.99%,1.99%,2.48%,0.69%,,Minima ,Optima ,Maxima ,,,,,,,,,,,,,,,,,,,,,,,,,
Aporte ,0.00%,0.00%,0.00%,0.00%,0.00%,9.52%,17.65%,0.00%,8.70%,13.64%,21.88%,15.38%,5.00%,10.00%,26.67%,14.71%,32.50%,38.89%,22.22%,39.47%,30.00%,26.19%,26.47%,15.79%,20.00%,17.07%,17.07%,20.00%,27.03%,3.03%,,6,7,9,,,,,,,,,,,,,,,,,,,,,,,,,
,,,,,,,,,,,,,Promedio  conversion Historico ,2%,Promedio Aporte Historico,19%,,,,,,,,,,,,,,,,,,,,,,,,,,,,,,,,,,,,,,,,,,,
,,,,,,147,83,0,30,51,40,43,184,92,38,55,27,35,66,21,27,25,36,48,72,57,50,50,40,145,,        * Suma de todos los canales digitales ,,,,,,,,,,,,,,,,,,,,,,,,,,,
Digital ,,,,,,,,,,,,,,,,,,,,,,,,,,,,,,,,Conversion,,,,,,,,,,,,,,,,,,,,,,,,,,,
Digital ,"Febrero, 24","Marzo, 24","Abril, 24","Mayo, 24","Junio, 24","Julio, 24","Agosto, 24","Septiembre, 24","Octubre, 24","Noviembre, 24","Diciembre, 24","Enero, 25","Febrero, 25","Marzo, 25","Abril, 25","Mayo, 25","Junio, 25","Julio, 25","Agosto, 25","Septiembre, 25","Octubre, 25","Noviembre, 25","Diciembre, 25","Enero, 26","Febrero, 26","Marzo, 26","Abril, 26","Mayo, 26","Junio, 26","Julio,26",,Historica,Año actual ,Ultimos 3 meses ,,,,,,,,,,,,,,,,,,,,,,,,,
Leads ,57,145,129,463,350,192,1112,1353,1142,846,755,202,207,491,749,361,576,699,827,676,688,554,908,922,635,980,834,667,748,298,,1.37%,1.18%,1.08%,,,,,,,,,,,,,,,,,,,,,,,,,
Efectivos ,,,,,,,,,,,,,,,,,,,239,344,329,342,594,674,457,618,179,170,200,64,,,,,,,,,,,,,,,,,,,,,,,,,,,,,
SDC ,-,-,-,-,-,-,-,-,-,-,-,21,28,13,6,15,19,29,29,36,50,42,39,23,21,16,32,30,28,3,,Aporte,,,,,,,,,,,,,,,,,,,,,,,,,,,
PDM ,-,-,-,-,-,-,-,8,7,17,28,22,24,16,17,26,21,33,31,31,32,22,23,22,22,25,35,35,28,12,,Historica,Año actual ,Ultimos 3 meses ,,,,,,,,,,,,,,,,,,,,,,,,,
Citas Programadas,3,6,23,43,43,36,57,107,83,71,50,74,45,25,47,37,69,89,135,125,110,97,90,110,85,78,83,140,101,26,,24.69%,25.02%,21.38%,,,,,,,,,,,,,,,,,,,,,,,,,
Citas Efectivas ,2,5,5,23,19,14,18,27,33,18,27,37,30,19,33,32,34,45,51,73,60,55,51,56,43,36,59,103,53,15,,,,,,,,,,,,,,,,,,,,,,,,,,,,,
Ventas ,,1,,,1,2,,6,1,5,10,9,4,12,5,9,12,9,9,15,10,14,8,6,13,11,8,9,7,1,,Cota (Ventas) Ultimo Semestre,,,,,,,,,,,,,,,,,,,,,,,,,,,
Conversion ,0.00%,0.69%,0.00%,0.00%,0.29%,1.04%,0.00%,0.44%,0.09%,0.59%,1.32%,4.46%,1.93%,2.44%,0.67%,2.49%,2.08%,1.29%,1.09%,2.22%,1.45%,2.53%,0.88%,0.65%,2.05%,1.12%,0.96%,1.35%,0.94%,0.34%,,Minima ,Optima ,Maxima ,,,,,,,,,,,,,,,,,,,,,,,,,
Aporte ,0.00%,14.29%,0.00%,0.00%,16.67%,9.52%,0.00%,35.29%,4.35%,22.73%,31.25%,34.62%,20.00%,40.00%,16.67%,26.47%,30.00%,25.00%,33.33%,39.47%,25.00%,33.33%,23.53%,15.79%,43.33%,26.83%,19.51%,25.71%,18.92%,3.03%,,6,9,12,,,,,,,,,,,,,,,,,,,,,,,,,
,,,,,,,,,,,,,Promedio  conversion Historico ,1.40%,Promedio Aporte Historico,25.27%,,,,,,,,,,,,,,,,,,,,,,,,,,,,,,,,,,,,,,,,,,,
,,,,,,,,,,,,,,,,,,,,,,,,,,,,,,,,,,,,,,,,,,,,,,,,,,,,,,,,,,,
Digital ,,,,,,,,,,,,,,,,,,,,,,,,,,,,,,,,,,,,,,,,,,,,,,,,,,,,,,,,,,,
Canal ,Febrero,Marzo,Abril,Mayo,Junio,Julio ,Agosto,Septiembre,Octubre,Noviembre,Diciembre,Enero,Febrero,Marzo,Abril ,Mayo,Junio ,Julio,Agosto,Septiembre,Octubre,Noviembre ,Diciembre,Enero ,,,,,,,,,,,,,,,,,,,,,,,,,,,,,,,,,,,
Leads ,-,-,-,-,-,-,-,-,-,-,-,-,-,-,-,-,-,-,-,-,-,-,-,23,,,,,,,,,,,,,,,,,,,,,,,,,,,,,,,,,,,
Efectivos ,-,-,-,-,-,-,-,-,-,-,-,-,-,-,-,-,-,-,-,-,-,-,-,23,,,,,,,,,,,,,,,,,,,,,,,,,,,,,,,,,,,
SDC ,-,-,-,-,-,-,-,-,-,-,-,-,-,-,-,-,-,-,-,-,-,-,-,2,,,,,,,,,,,,,,,,,,,,,,,,,,,,,,,,,,,
PDM ,-,-,-,-,-,-,-,-,-,-,-,-,-,-,-,-,-,-,-,-,-,-,-,6,,,,,,,,,,,,,,,,,,,,,,,,,,,,,,,,,,,
Citas Programadas,-,-,-,-,-,-,-,-,-,-,-,-,-,-,-,-,-,-,-,-,-,-,-,15,,,,,,,,,,,,,,,,,,,,,,,,,,,,,,,,,,,
Citas Efectivas ,-,-,-,-,-,-,-,-,-,-,-,-,-,-,-,-,-,-,-,-,-,-,-,15,,,,,,,,,,,,,,,,,,,,,,,,,,,,,,,,,,,
Ventas ,-,-,-,-,-,-,-,-,-,-,-,-,-,-,-,-,-,-,-,-,-,-,-,10,,,,,,,,,,,,,,,,,,,,,,,,,,,,,,,,,,,
Conversion ,-,-,-,-,-,-,-,-,-,-,-,-,-,-,-,-,-,-,-,-,-,-,-,43.48%,,,,,,,,,,,,,,,,,,,,,,,,,,,,,,,,,,,
Aporte ,-,-,-,-,-,-,-,-,-,-,-,-,-,-,-,-,-,-,-,-,-,-,-,26.32%,,,,,,,,,,,,,,,,,,,,,,,,,,,,,,,,,,,
,,,Promedio  conversion Historico ,#DIV/0!,Promedio Aporte Historico,#DIV/0!,,,,,,,,,,,,,,,,,,,,,,,,,,,,,,,,,,,,,,,,,,,,,,,,,,,,,
,,,,,,,,,,,76,22,52,41,150,40,48,78,92,45,69,40,114,154,49,89,104,74,107,,,,,,,,,,,,,,,,,,,,,,,,,,,,,,
Aporte Otros,25.00%,28.57%,-25.00%,92.31%,33.33%,33.33%,29.41%,29.41%,73.91%,13.64%,21.88%,11.54%,20.00%,20.00%,13.33%,23.53%,12.50%,16.67%,18.52%,2.63%,17.50%,19.05%,23.53%,52.63%,13.33%,36.59%,41.46%,28.57%,24.32%,,,* Cartera /  Casa / Eventos / Prospecciòn / Estrategicas,,,,,,,,,,,,,,,,,,,,,,,,,,,
,,,,,,,,,,,,,,,,,,,,,,,,,,,,,,,,,,,,,,,,,,,,,,,,,,,,,,,,,,,
,,,,,,,,,,,,,,,,,,,,,,,,,,,,,,,,,,,,,,,,,,,,,,,,,,,,,,,,,,,
,,,,,,,,,,,,,,,,,,,,,,,,,,,,,,,,,,,,,,,,,,,,,,,,,,,,,,,,,,,
,,,,,,,,,,,,,,,,,,,,,,,,,,,,,,,,,,,,,,,,,,,,,,,,,,,,,,,,,,,
,,,,,,,,,,,,,,,,,,,,,,,,,,,,,,,,,,,,,,,,,,,,,,,,,,,,,,,,,,,
,,,,,,,,,,,,,,,,,,,,,,,,,,,,,,,,,,,,,,,,,,,,,,,,,,,,,,,,,,,
,,,,,,,,,,,,,,,,,,,,,,,,,,,,,,,,,,,,,,,,,,,,,,,,,,,,,,,,,,,
,,,,,,,,,,,,,,,,,,,,,,,,,,,,,,,,,,,,,,,,,,,,,,,,,,,,,,,,,,,
