Funnel Historico por Mes,,,,,,,,,,,,,,,,,,,,,,,,,,,,,,,,,,,,,,,,,,,,,,,,,,,,,,,,,,,,,,,,,,,,,,
,,,,,,,,,,,,,,,,,,,,,,,,,,,,,,,,,,,,,,,,,,,,,,,,,,,,,,,,,,,,,,,,,,,,,,
Funnel Enero 2025,,,,,,,,,,,,,,,,,,,,,,,,,,,,,,,,,,,,,,,,,,,,,,,,,,,,,,,,,,,,,,,,,,,,,,
GAC Angelopolis,,,,,,,Plaza Ange,,,,,,,Piso,,,,,,,,Digital ,,,,,,,Galerias Tlaxcala,,,,,,,Otros,,,,,,,,Plaza Moraledas,,,,,,,,,,,,,,,,,,,,,,,,,,
Item,Obj,Real,Acumulado ,Obj al dia ,Cumplimiento,,Item,Obj,Real,Acumulado ,Obj al dia ,Cumplimiento,,Item,Obj,Real,Acumulado ,Obj al dia ,Cumplimiento,,,Item,Obj,Real,Acumulado ,Obj al dia ,Cumplimiento,,Item,Obj,Real,Acumulado ,Obj al dia ,Cumplimiento,,Item,Obj,Real,Acumulado ,Obj al dia ,Cumplimiento,,,Item,Obj,Real,Acumulado ,Obj al dia ,Cumplimiento,,,,,,,,,,,,,,,,,,,,,
Ventas ,30,26,87%,30,87%,,Ventas ,4,2,50%,4,50%,,Ventas ,14,10,71%,14,71%,,,Ventas ,8,9,110%,8,110%,,Ventas ,4,3,75%,4,75%,,Ventas ,1,2,110%,1,110%,,,Ventas ,3,,0%,3,0%,,,,,,,,,,,,,,,,,,,,,
Leads generados,1282,1029,80%,1282,80%,,Leads generados,120,110,92%,120,92%,,Leads generados,80,76,95%,80,95%,,,Leads generados,901,760,84%,901,84%,,Leads generados,100,46,46%,100,46%,,Leads generados,81,37,46%,81,46%,,,Leads generados,120,13,11%,120,11%,,,,,,,,,,,,,,,,,,,,,
Leads efectivos,766,710,93%,766,93%,,Leads efectivos,111,99,89%,111,89%,,Leads efectivos,80,71,89%,80,89%,,,Leads efectivos,436,465,107%,436,107%,,Leads efectivos,80,43,54%,80,54%,,Leads efectivos,59,32,54%,59,54%,,,Leads efectivos,80,13,16%,80,16%,,,,,,,,,,,,,,,,,,,,,
Cita programada,180,189,105%,180,105%,,Cita programada,24,41,110%,24,110%,,Cita programada,80,47,59%,80,59%,,,Cita programada,46,74,110%,46,110%,,Cita programada,24,9,38%,24,38%,,Cita programada,6,18,110%,6,110%,,,Cita programada,50,1,2%,50,2%,,,,,,,,,,,,,,,,,,,,,
Cita efectiva,150,109,73%,150,73%,,Cita efectiva,20,28,110%,20,110%,,Cita efectiva,74,36,49%,74,49%,,,Cita efectiva,33,37,110%,33,110%,,Cita efectiva,16,5,31%,16,31%,,Cita efectiva,7,3,43%,7,43%,,,Cita efectiva,40,1,3%,40,3%,,,,,,,,,,,,,,,,,,,,,
Prueba de manejo,102,86,84%,102,84%,,Prueba de manejo,14,14,100%,14,100%,,Prueba de manejo,48,34,71%,48,71%,,,Prueba de manejo,23,22,96%,23,96%,,Prueba de manejo,13,9,69%,13,69%,,Prueba de manejo,4,7,110%,4,110%,,,Prueba de manejo,25,3,12%,25,12%,,,,,,,,,,,,,,,,,,,,,
Solicitud de crédito generada,101,82,81%,101,81%,,Solicitud de crédito generada,14,12,86%,14,86%,,Solicitud de crédito generada,46,34,74%,46,74%,,,Solicitud de crédito generada,25,21,84%,25,84%,,Solicitud de crédito generada,12,9,75%,12,75%,,Solicitud de crédito generada,4,6,110%,4,110%,,,Solicitud de crédito generada,15,1,7%,15,7%,,,,,,,,,,,,,,,,,,,,,
Solicitud de crédito aprobada,48,29,60%,48,60%,,Solicitud de crédito aprobada,7,5,71%,7,71%,,Solicitud de crédito aprobada,20,13,65%,20,65%,,,Solicitud de crédito aprobada,14,6,43%,14,43%,,Solicitud de crédito aprobada,6,3,50%,6,50%,,Solicitud de crédito aprobada,1,2,110%,1,110%,,,Solicitud de crédito aprobada,8,1,13%,8,13%,,,,,,,,,,,,,,,,,,,,,
Cerrador,20,19,95%,20,95%,,Cerrador,3,2,67%,3,67%,,Cerrador,7,7,100%,7,100%,,,Cerrador,5,7,110%,5,110%,,Cerrador,4,2,50%,4,50%,,Cerrador,1,1,100%,1,100%,,,Cerrador,3,0,0%,3,0%,,,,,,,,,,,,,,,,,,,,,
Ventas ,30,26,87%,30,87%,,Ventas ,4,2,50%,4,50%,,Ventas ,15,10,67%,15,67%,,,Ventas ,8,9,110%,8,110%,,Ventas ,4,3,75%,4,75%,,Ventas ,1,2,110%,1,110%,,,Ventas ,3,0,0%,3,0%,,,,,,,,,,,,,,,,,,,,,
,,,,,,,,,,,,,,,,,,,,,,,,,,,,,,,,,,,,,,,,,,,,,,,,,,,,,,,,,,,,,,,,,,,,,,
Funnel Febrero 2025,,,,,,,,,,,,,,,,,,,,,,,,,,,,,,,,,,,,,,,,,,,,,,,,,,,,,,,,,,,,,,,,,,,,,,
GAC Angelopolis,,,,,,,Plaza Ange,,,,,,,Piso ,,,,,,,,Digital ,,,,,,,Gran Patio,,,,,,,Otros,,,,,,,,Estrategia de Prospeccion,,,,,,,,,,,,,,,,,,,,,,,,,,
Item,Obj,Real,Acu,Obj al dia ,Cumpli,,Item,Obj,Real,Acu,Obj al dia ,Cumpli,,Item,Obj,Real,Acu,Obj al dia ,Cumpli,,,Item,Obj,Real,Acu,Obj al dia ,Cumpli,,Item,Obj,Real,Acu,Obj al dia ,Cumpli,,Item,Obj,Real,Acu,Obj al dia ,Cumpli,,,Item,Obj,Real,Acu,Obj al dia ,Cumpli,,,,,,,,,,,,,,,,,,,,,
Ventas ,30,20,67%,30,67%,,Ventas ,4,1,25%,4,25%,,Ventas ,12,11,92%,12,92%,,,Ventas ,10,4,40%,10,40%,,Ventas ,4,0,0%,4,0%,,Ventas ,3,4,110%,3,110%,,,Ventas ,3,0,0%,0,0%,,,,,,,,,,,,,,,,,,,,,
Leads generados,757,537,71%,463,110%,,Leads generados,180,90,50%,180,50%,,Leads generados,80,64,80%,80,80%,,,Leads generados,296,210,71%,296,71%,,Leads generados,120,70,58%,120,58%,,Leads generados,81,15,19%,81,19%,,,Leads generados,150,88,59%,15,110%,,,,,,,,,,,,,,,,,,,,,
Leads efectivos,501,446,89%,306,110%,,Leads efectivos,99,82,83%,99,83%,,Leads efectivos,80,61,76%,80,76%,,,Leads efectivos,213,141,66%,213,66%,,Leads efectivos,80,68,85%,80,85%,,Leads efectivos,29,13,45%,29,45%,,,Leads efectivos,80,81,101%,8,110%,,,,,,,,,,,,,,,,,,,,,
Cita programada,214,117,55%,130,90%,,Cita programada,24,18,75%,24,75%,,Cita programada,80,34,43%,80,43%,,,Cita programada,40,34,85%,40,85%,,Cita programada,24,11,46%,24,46%,,Cita programada,6,5,83%,6,83%,,,Cita programada,35,15,43%,3,110%,,,,,,,,,,,,,,,,,,,,,
Cita efectiva,149,101,68%,90,110%,,Cita efectiva,20,14,70%,20,70%,,Cita efectiva,74,31,42%,74,42%,,,Cita efectiva,33,27,82%,33,82%,,Cita efectiva,16,9,56%,16,56%,,Cita efectiva,6,5,83%,6,83%,,,Cita efectiva,40,15,38%,3,110%,,,,,,,,,,,,,,,,,,,,,
Prueba de manejo,103,97,94%,62,110%,,Prueba de manejo,14,14,100%,14,100%,,Prueba de manejo,48,31,65%,48,65%,,,Prueba de manejo,23,24,104%,23,104%,,Prueba de manejo,13,6,46%,13,46%,,Prueba de manejo,5,6,110%,5,110%,,,Prueba de manejo,25,16,64%,2,110%,,,,,,,,,,,,,,,,,,,,,
Solicitud de crédito generada,92,75,82%,55,110%,,Solicitud de crédito generada,14,13,93%,14,93%,,Solicitud de crédito generada,40,23,58%,40,58%,,,Solicitud de crédito generada,20,28,110%,20,110%,,Solicitud de crédito generada,12,3,25%,12,25%,,Solicitud de crédito generada,6,4,67%,6,67%,,,Solicitud de crédito generada,13,4,31%,0,110%,,,,,,,,,,,,,,,,,,,,,
Solicitud de crédito aprobada,46,27,59%,27,99%,,Solicitud de crédito aprobada,7,3,43%,7,43%,,Solicitud de crédito aprobada,17,14,82%,17,82%,,,Solicitud de crédito aprobada,14,6,43%,14,43%,,Solicitud de crédito aprobada,6,0,0%,6,0%,,Solicitud de crédito aprobada,2,4,110%,2,110%,,,Solicitud de crédito aprobada,8,0,0%,0,0%,,,,,,,,,,,,,,,,,,,,,
Formalizado,26,11,42%,15,74%,,Formalizado,5,1,20%,5,20%,,Formalizado,8,7,88%,8,88%,,,Formalizado,7,3,43%,7,43%,,Formalizado,4,0,0%,4,0%,,Formalizado,2,0,0%,2,0%,,,Formalizado,3,0,0%,-1,0%,,,,,,,,,,,,,,,,,,,,,
Ventas ,30,20,67%,30,67%,,Ventas ,4,1,25%,4,25%,,Ventas ,15,11,73%,15,73%,,,Ventas ,8,4,50%,8,50%,,Ventas ,4,0,0%,4,0%,,Ventas ,3,4,110%,3,110%,,,Ventas ,3,0,0%,0,0%,,,,,,,,,,,,,,,,,,,,,
,,,,,,,,,,,,,,,,,,,,,,,,,,,,,,,,,,,,,,,,,,,,,,,,,,,,,,,,,,,,,,,,,,,,,,
Funnel Marzo 2025,,,,,,,,,,,,,,,,,,,,,,,,,,,,,,,,,,,,,,,,,,,,,,,,,,,,,,,,,,,,,,,,,,,,,,
GAC Angelopolis,,,,,,,Plaza Ange,,,,,,,Piso ,,,,,,,,Digital ,,,,,,,Gran Patio,,,,,,,Otros,,,,,,,,Estrategia de Prospeccion,,,,,,,,,,,,,,,,,,,,,,,,,,
Item,Obj,Real,Acu,Obj al dia ,Cumpli,,Item,Obj,Real,Acu,Obj al dia ,Cumpli,,Item,Obj,Real,Acu,Obj al dia ,Cumpli,,,Item,Obj,Real,Acu,Obj al dia ,Cumpli,,Item,Obj,Real,Acu,Obj al dia ,Cumpli,,Item,Obj,Real,Acu,Obj al dia ,Cumpli,,,Item,Obj,Real,Acu,Obj al dia ,Cumpli,,,,,,,,,,,,,,,,,,,,,
Ventas ,30,30,100%,30,100%,,Ventas ,4,2,50%,4,50%,,Ventas ,14,9,64%,14,64%,,,Ventas ,8,12,110%,8,110%,,Ventas ,3,1,33%,3,33%,,Ventas ,0,6,0,0,0,,,Ventas ,3,0,0%,3,0%,,,,,,,,,,,,,,,,,,,,,
Leads generados,757,925,110%,757,110%,,Leads generados,180,162,90%,180,90%,,Leads generados,80,80,100%,80,100%,,,Leads generados,450,491,109%,450,109%,,Leads generados,120,110,92%,120,92%,,Leads generados,81,47,97%,49,97%,,,Leads generados,150,35,23%,150,23%,,,,,,,,,,,,,,,,,,,,,
Leads efectivos,501,731,110%,501,110%,,Leads efectivos,99,135,110%,99,110%,,Leads efectivos,80,80,100%,80,100%,,,Leads efectivos,312,344,110%,312,110%,,Leads efectivos,80,105,110%,80,110%,,Leads efectivos,29,37,110%,17,110%,,,Leads efectivos,80,30,38%,80,38%,,,,,,,,,,,,,,,,,,,,,
Cita programada,214,181,85%,214,85%,,Cita programada,24,20,83%,24,83%,,Cita programada,80,80,100%,80,100%,,,Cita programada,40,57,110%,40,110%,,Cita programada,24,12,50%,24,50%,,Cita programada,6,2,75%,3,75%,,,Cita programada,35,10,29%,35,29%,,,,,,,,,,,,,,,,,,,,,
Cita efectiva,149,140,94%,149,94%,,Cita efectiva,20,15,75%,20,75%,,Cita efectiva,74,80,108%,74,108%,,,Cita efectiva,33,26,79%,33,79%,,Cita efectiva,16,10,63%,16,63%,,Cita efectiva,6,2,75%,3,75%,,,Cita efectiva,40,7,18%,40,18%,,,,,,,,,,,,,,,,,,,,,
Prueba de manejo,103,77,75%,103,75%,,Prueba de manejo,14,12,86%,14,86%,,Prueba de manejo,48,32,67%,48,67%,,,Prueba de manejo,23,16,70%,23,70%,,Prueba de manejo,13,8,62%,13,62%,,Prueba de manejo,6,4,110%,3,110%,,,Prueba de manejo,25,5,20%,25,20%,,,,,,,,,,,,,,,,,,,,,
Solicitud de crédito generada,92,92,100%,92,100%,,Solicitud de crédito generada,14,16,110%,14,110%,,Solicitud de crédito generada,40,28,70%,40,70%,,,Solicitud de crédito generada,20,13,65%,20,65%,,Solicitud de crédito generada,12,11,92%,12,92%,,Solicitud de crédito generada,6,21,110%,3,110%,,,Solicitud de crédito generada,13,3,23%,13,23%,,,,,,,,,,,,,,,,,,,,,
Solicitud de crédito aprobada,46,30,65%,46,65%,,Solicitud de crédito aprobada,7,4,57%,7,57%,,Solicitud de crédito aprobada,17,8,47%,17,47%,,,Solicitud de crédito aprobada,14,10,71%,14,71%,,Solicitud de crédito aprobada,6,1,17%,6,17%,,Solicitud de crédito aprobada,2,6,110%,0,110%,,,Solicitud de crédito aprobada,8,1,13%,8,13%,,,,,,,,,,,,,,,,,,,,,
Formalizado,26,18,69%,26,69%,,Formalizado,5,2,40%,5,40%,,Formalizado,8,6,75%,8,75%,,,Formalizado,7,8,110%,7,110%,,Formalizado,4,1,25%,4,25%,,Formalizado,2,1,110%,0,110%,,,Formalizado,3,0,0%,3,0%,,,,,,,,,,,,,,,,,,,,,
Ventas ,30,30,100%,30,100%,,Ventas ,4,2,50%,4,50%,,Ventas ,14,9,64%,14,64%,,,Ventas ,8,12,110%,8,110%,,Ventas ,4,1,25%,3,33%,,Ventas ,0,6,0,0,0,,,Ventas ,3,0,0%,3,0%,,,,,,,,,,,,,,,,,,,,,
,,,,,,,,,,,,,,,,,,,,,,,,,,,,,,,,,,,,,,,,,,,,,,,,,,,,,,,,,,,,,,,,,,,,,,
Funnel Abril 2025,,,,,,,,,,,,,,,,,,,,,,,,,,,,,,,,,,,,,,,,,,,,,,,,,,,,,,,,,,,,,,,,,,,,,,
GAC Angelopolis,,,,,,,Plaza Ange,,,,,,,Piso ,,,,,,,,Digital ,,,,,,,Gran Patio,,,,,,,Otros,,,,,,,,Estrategia de Prospeccion,,,,,,,,,,,,,,,,,,,,,,,,,,
Item,Obj,Real,Acu,Obj al dia ,Cumpli,,Item,Obj,Real,Acu,Obj al dia ,Cumpli,,Item,Obj,Real,Acu,Obj al dia ,Cumpli,,,Item,Obj,Real,Acu,Obj al dia ,Cumpli,,Item,Obj,Real,Acu,Obj al dia ,Cumpli,,Item,Obj,Real,Acu,Obj al dia ,Cumpli,,,Item,Obj,Real,Acu,Obj al dia ,Cumpli,,,,,,,,,,,,,,,,,,,,,
Ventas ,30,30,100%,30,100%,,Ventas ,4,4,100%,4,100%,,Ventas ,14,13,93%,14,93%,,,Ventas ,10,5,50%,10,50%,,Ventas ,4,4,100%,4,100%,,Ventas ,2,2,100%,0,100%,,,Ventas ,3,2,67%,3,67%,,,,,,,,,,,,,,,,,,,,,
Leads generados,757,1149,110%,757,110%,,Leads generados,180,188,104%,180,104%,,Leads generados,80,43,54%,80,54%,,,Leads generados,680,749,110%,680,110%,,Leads generados,120,113,94%,120,94%,,Leads generados,81,28,35%,49,35%,,,Leads generados,150,28,19%,150,19%,,,,,,,,,,,,,,,,,,,,,
Leads efectivos,501,873,110%,501,110%,,Leads efectivos,99,166,110%,99,110%,,Leads efectivos,80,43,54%,80,54%,,,Leads efectivos,410,500,110%,410,110%,,Leads efectivos,80,110,110%,80,110%,,Leads efectivos,29,27,93%,17,93%,,,Leads efectivos,80,27,34%,80,34%,,,,,,,,,,,,,,,,,,,,,
Cita programada,214,174,81%,214,81%,,Cita programada,24,34,110%,24,110%,,Cita programada,80,43,54%,80,54%,,,Cita programada,40,70,110%,40,110%,,Cita programada,24,15,63%,24,63%,,Cita programada,6,11,183%,3,183%,,,Cita programada,40,1,3%,40,3%,,,,,,,,,,,,,,,,,,,,,
Cita efectiva,149,114,77%,149,77%,,Cita efectiva,20,16,80%,20,80%,,Cita efectiva,80,43,54%,80,54%,,,Cita efectiva,33,30,91%,33,91%,,Cita efectiva,16,13,81%,16,81%,,Cita efectiva,6,11,183%,3,183%,,,Cita efectiva,35,1,3%,35,3%,,,,,,,,,,,,,,,,,,,,,
Prueba de manejo,100,81,81%,100,81%,,Prueba de manejo,14,16,110%,14,110%,,Prueba de manejo,48,28,58%,48,58%,,,Prueba de manejo,23,17,74%,23,74%,,Prueba de manejo,13,8,62%,13,62%,,Prueba de manejo,6,1,17%,3,17%,,,Prueba de manejo,25,0,0%,25,0%,,,,,,,,,,,,,,,,,,,,,
Solicitud de crédito generada,100,59,59%,100,59%,,Solicitud de crédito generada,14,10,71%,14,71%,,Solicitud de crédito generada,40,13,33%,40,33%,,,Solicitud de crédito generada,20,6,30%,20,30%,,Solicitud de crédito generada,12,9,75%,12,75%,,Solicitud de crédito generada,6,16,267%,3,267%,,,Solicitud de crédito generada,13,5,38%,13,38%,,,,,,,,,,,,,,,,,,,,,
Solicitud de crédito aprobada,46,35,76%,46,76%,,Solicitud de crédito aprobada,7,6,86%,7,86%,,Solicitud de crédito aprobada,17,11,65%,17,65%,,,Solicitud de crédito aprobada,14,5,36%,14,36%,,Solicitud de crédito aprobada,6,5,83%,6,83%,,Solicitud de crédito aprobada,2,6,300%,0,300%,,,Solicitud de crédito aprobada,8,2,25%,8,25%,,,,,,,,,,,,,,,,,,,,,
Formalizado,26,17,65%,26,65%,,Formalizado,5,4,80%,5,80%,,Formalizado,8,8,100%,8,100%,,,Formalizado,7,2,29%,7,29%,,Formalizado,4,2,50%,4,50%,,Formalizado,2,0,0%,0,0%,,,Formalizado,3,1,33%,3,33%,,,,,,,,,,,,,,,,,,,,,
Ventas ,30,30,100%,30,100%,,Ventas ,4,4,100%,4,100%,,Ventas ,14,13,93%,14,93%,,,Ventas ,10,5,50%,10,50%,,Ventas ,4,4,100%,4,100%,,Ventas ,2,2,100%,0,100%,,,Ventas ,3,2,67%,3,67%,,,,,,,,,,,,,,,,,,,,,
,,,,,,,,,,,,,,,,,,,,,,,,,,,,,,,,,,,,,,,,,,,,,,,,,,,,,,,,,,,,,,,,,,,,,,
Funnel Mayo 2025,,,,,,,,,,,,,,,,,,,,,,,,,,,,,,,,,,,,,,,,,,,,,,,,,,,,,,,,,,,,,,,,,,,,,,
GAC Angelopolis,,,,,,,Plaza Ange,,,,,,,Piso ,,,,,,,,Digital ,,,,,,,Gran Patio,,,,,,,Otros,,,,,,,,Estrategia de Prospeccion,,,,,,,,,,,,,,,,,,,,,,,,,,
Item,Obj,Real,Acu,Obj al dia ,Cumpli,,Item,Obj,Real,Acu,Obj al dia ,Cumpli,,Item,Obj,Real,Acu,Obj al dia ,Cumpli,,,Item,Obj,Real,Acu,Obj al dia ,Cumpli,,Item,Obj,Real,Acu,Obj al dia ,Cumpli,,Item,Obj,Real,Acu,Obj al dia ,Cumpli,,,Item,Obj,Real,Acu,Obj al dia ,Cumpli,,,,,,,,,,,,,,,,,,,,,
Ventas ,41,34,83%,41,83%,,Ventas ,7,3,43%,7,43%,,Ventas ,17,12,71%,17,71%,,,Ventas ,13,9,69%,13,69%,,Ventas ,5,3,40%,5,40%,,Ventas ,0,6,100%,0,100%,,,Ventas ,2,2,100%,2,100%,,,,,,,,,,,,,,,,,,,,,
Leads generados,970,815,84%,970,84%,,Leads generados,190,157,83%,190,83%,,Leads generados,80,65,81%,80,81%,,,Leads generados,500,361,72%,500,72%,,Leads generados,120,114,95%,120,95%,,Leads generados,20,37,110%,20,110%,,,Leads generados,80,81,101%,80,101%,,,,,,,,,,,,,,,,,,,,,
Leads efectivos,789,689,87%,789,87%,,Leads efectivos,140,143,102%,140,102%,,Leads efectivos,80,65,81%,80,81%,,,Leads efectivos,410,273,67%,410,67%,,Leads efectivos,100,103,103%,100,103%,,Leads efectivos,20,29,110%,20,110%,,,Leads efectivos,80,76,95%,80,95%,,,,,,,,,,,,,,,,,,,,,
Cita programada,214,166,78%,214,78%,,Cita programada,50,15,30%,50,30%,,Cita programada,80,65,81%,80,81%,,,Cita programada,100,37,37%,100,37%,,Cita programada,25,14,56%,25,56%,,Cita programada,6,3,50%,6,50%,,,Cita programada,40,32,80%,40,80%,,,,,,,,,,,,,,,,,,,,,
Cita efectiva,160,157,98%,160,98%,,Cita efectiva, ,14,40%,35,40%,,Cita efectiva,80,65,81%,80,81%,,,Cita efectiva,60,32,53%,60,53%,,Cita efectiva,20,13,65%,20,65%,,Cita efectiva,6,2,33%,6,33%,,,Cita efectiva,35,31,89%,35,89%,,,,,,,,,,,,,,,,,,,,,
Prueba de manejo,100,121,110%,100,110%,,Prueba de manejo,28,14,50%,28,50%,,Prueba de manejo,48,34,71%,48,71%,,,Prueba de manejo,30,26,87%,30,87%,,Prueba de manejo,15,9,60%,15,60%,,Prueba de manejo,6,7,110%,6,110%,,,Prueba de manejo,10,31,110%,10,110%,,,,,,,,,,,,,,,,,,,,,
Solicitud de crédito generada,70,76,109%,70,109%,,Solicitud de crédito generada,16,9,56%,16,56%,,Solicitud de crédito generada,30,16,53%,30,53%,,,Solicitud de crédito generada,25,14,56%,25,56%,,Solicitud de crédito generada,12,14,110%,12,110%,,Solicitud de crédito generada,6,20,110%,6,110%,,,Solicitud de crédito generada,7,3,43%,7,43%,,,,,,,,,,,,,,,,,,,,,
Solicitud de crédito aprobada,42,40,95%,42,95%,,Solicitud de crédito aprobada,11,6,55%,11,55%,,Solicitud de crédito aprobada,20,6,30%,20,30%,,,Solicitud de crédito aprobada,20,10,50%,20,50%,,Solicitud de crédito aprobada,8,6,75%,8,75%,,Solicitud de crédito aprobada,2,10,110%,2,110%,,,Solicitud de crédito aprobada,4,2,50%,4,50%,,,,,,,,,,,,,,,,,,,,,
Formalizado,33,19,58%,33,58%,,Formalizado,6,3,50%,6,50%,,Formalizado,14,3,21%,14,21%,,,Formalizado,11,5,45%,11,45%,,Formalizado,5,3,60%,5,60%,,Formalizado,2,4,110%,2,110%,,,Formalizado,2,1,50%,2,50%,,,,,,,,,,,,,,,,,,,,,
Ventas ,41,34,83%,41,83%,,Ventas ,7,3,43%,7,43%,,Ventas ,17,12,71%,17,71%,,,Ventas ,13,9,69%,13,69%,,Ventas ,5,3,40%,5,40%,,Ventas ,0,6,100%,0,100%,,,Ventas ,2,2,100%,2,100%,,,,,,,,,,,,,,,,,,,,,
,,,,,,,,,,,,,,,,,,,,,,,,,,,,,,,,,,,,,,,,,,,,,,,,,,,,,,,,,,,,,,,,,,,,,,
Funnel Junio 2025,,,,,,,,,,,,,,,,,,,,,,,,,,,,,,,,,,,,,,,,,,,,,,,,,,,,,,,,,,,,,,,,,,,,,,
GAC Angelopolis,,,,,,,Plaza Ange,,,,,,,Piso ,,,,,,,,Digital ,,,,,,,Gran Patio,,,,,,,Otros,,,,,,,,Estrategia de Prospeccion,,,,,,,,,,,,,,,,,,,,,,,,,,
Item,Obj,Real,Acu,Obj al dia ,Cumpli,,Item,Obj,Real,Acu,Obj al dia ,Cumpli,,Item,Obj,Real,Acu,Obj al dia ,Cumpli,,,Item,Obj,Real,Acu,Obj al dia ,Cumpli,,Item,Obj,Real,Acu,Obj al dia ,Cumpli,,Item,Obj,Real,Acu,Obj al dia ,Cumpli,,,Item,Obj,Real,Acu,Obj al dia ,Cumpli,,,,,,,,,,,,,,,,,,,,,
Ventas ,40,40,100%,40,100%,,Ventas ,7,9,110%,7,110%,,Ventas ,17,10,59%,17,59%,,,Ventas ,13,12,92%,13,92%,,Ventas ,5,4,80%,5,80%,,Ventas ,5,5,100%,5,100%,,,Ventas ,2,0,0%,2,0%,,,,,,,,,,,,,,,,,,,,,
Leads generados,970,1083,110%,970,110%,,Leads generados,190,259,110%,190,110%,,Leads generados,80,59,74%,80,74%,,,Leads generados,500,576,110%,500,110%,,Leads generados,120,96,80%,120,80%,,Leads generados,20,53,110%,53,110%,,,Leads generados,80,40,50%,80,50%,,,,,,,,,,,,,,,,,,,,,
Leads efectivos,789,694,88%,789,88%,,Leads efectivos,140,200,110%,140,110%,,Leads efectivos,80,59,74%,80,74%,,,Leads efectivos,410,292,71%,410,71%,,Leads efectivos,100,80,80%,100,80%,,Leads efectivos,20,36,110%,36,110%,,,Leads efectivos,80,27,34%,80,34%,,,,,,,,,,,,,,,,,,,,,
Cita programada,214,226,106%,214,106%,,Cita programada,50,51,102%,50,102%,,Cita programada,80,59,74%,80,74%,,,Cita programada,100,69,69%,100,69%,,Cita programada,25,16,64%,25,64%,,Cita programada,6,20,110%,20,110%,,,Cita programada,40,11,28%,40,28%,,,,,,,,,,,,,,,,,,,,,
Cita efectiva,160,177,110%,160,110%,,Cita efectiva,35,39,110%,35,110%,,Cita efectiva,80,59,74%,80,74%,,,Cita efectiva,60,34,57%,60,57%,,Cita efectiva,20,21,105%,20,105%,,Cita efectiva,6,16,110%,16,110%,,,Cita efectiva,35,8,23%,35,23%,,,,,,,,,,,,,,,,,,,,,
Prueba de manejo,100,111,110%,100,110%,,Prueba de manejo,28,35,110%,28,110%,,Prueba de manejo,48,31,65%,48,65%,,,Prueba de manejo,30,21,70%,30,70%,,Prueba de manejo,15,10,67%,15,67%,,Prueba de manejo,6,10,110%,10,110%,,,Prueba de manejo,10,4,40%,10,40%,,,,,,,,,,,,,,,,,,,,,
Solicitud de crédito generada,90,97,108%,90,108%,,Solicitud de crédito generada,16,23,110%,16,110%,,Solicitud de crédito generada,30,13,43%,30,43%,,,Solicitud de crédito generada,25,19,76%,25,76%,,Solicitud de crédito generada,12,12,100%,12,100%,,Solicitud de crédito generada,6,25,110%,25,110%,,,Solicitud de crédito generada,7,5,71%,7,71%,,,,,,,,,,,,,,,,,,,,,
Solicitud de crédito aprobada,42,46,110%,42,110%,,Solicitud de crédito aprobada,11,10,91%,11,91%,,Solicitud de crédito aprobada,20,9,45%,20,45%,,,Solicitud de crédito aprobada,20,10,50%,20,50%,,Solicitud de crédito aprobada,8,6,75%,8,75%,,Solicitud de crédito aprobada,2,10,110%,10,110%,,,Solicitud de crédito aprobada,4,1,25%,4,25%,,,,,,,,,,,,,,,,,,,,,
Formalizado,33,25,76%,33,76%,,Formalizado,6,5,83%,6,83%,,Formalizado,14,6,43%,14,43%,,,Formalizado,11,5,45%,11,45%,,Formalizado,5,4,80%,5,80%,,Formalizado,2,5,110%,5,110%,,,Formalizado,2,0,0%,2,0%,,,,,,,,,,,,,,,,,,,,,
Ventas ,40,40,100%,40,100%,,Ventas ,7,9,110%,7,110%,,Ventas ,17,10,59%,17,59%,,,Ventas ,13,12,92%,13,92%,,Ventas ,5,4,80%,5,80%,,Ventas ,5,5,100%,5,100%,,,Ventas ,2,0,0%,2,0%,,,,,,,,,,,,,,,,,,,,,
,,,,,,,,,,,,,,,,,,,,,,,,,,,,,,,,,,,,,,,,,,,,,,,,,,,,,,,,,,,,,,,,,,,,,,
Funnel Julio 2025,,,,,,,,,,,,,,,,,,,,,,,,,,,,,,,,,,,,,,,,,,,,,,,,,,,,,,,,,,,,,,,,,,,,,,
GAC Angelopolis,,,,,,,Plaza Ange,,,,,,,Piso ,,,,,,,,Digital ,,,,,,,Gran Patio,,,,,,,Otros,,,,,,,,Estrategia de Prospeccion,,,,,,,,,,,,,,,,,,,,,,,,,,
Item,Obj,Real,Acu,Obj al dia ,Cumpli,,Item,Obj,Real,Acu,Obj al dia ,Cumpli,,Item,Obj,Real,Acu,Obj al dia ,Cumpli,,,Item,Obj,Real,Acu,Obj al dia ,Cumpli,,Item,Obj,Real,Acu,Obj al dia ,Cumpli,,Item,Obj,Real,Acu,Obj al dia ,Cumpli,,,Item,Obj,Real,Acu,Obj al dia ,Cumpli,,,,,,,,,,,,,,,,,,,,,
Ventas ,45,36,80%,45,80%,,Ventas ,10,10,100%,10,100%,,Ventas ,15,7,47%,15,47%,,,Ventas ,13,9,69%,13,69%,,Ventas ,6,4,67%,6,67%,,Ventas ,0,5,0%,0,0%,,,Ventas ,2,1,50%,2,50%,,,,,,,,,,,,,,,,,,,,,
Leads generados,1050,1358,110%,1050,110%,,Leads generados,280,351,110%,280,110%,,Leads generados,80,63,79%,80,79%,,,Leads generados,500,699,110%,500,110%,,Leads generados,160,141,88%,160,88%,,Leads generados,20,34,110%,20,110%,,,Leads generados,50,55,110%,50,110%,,,,,,,,,,,,,,,,,,,,,
Leads efectivos,750,893,110%,750,110%,,Leads efectivos,220,278,110%,220,110%,,Leads efectivos,80,63,79%,80,79%,,,Leads efectivos,410,391,95%,410,95%,,Leads efectivos,100,86,86%,100,86%,,Leads efectivos,20,20,100%,20,110%,,,Leads efectivos,38,44,110%,38,110%,,,,,,,,,,,,,,,,,,,,,
Cita programada,230,256,110%,230,110%,,Cita programada,95,53,56%,95,56%,,Cita programada,80,63,79%,80,79%,,,Cita programada,100,89,89%,100,89%,,Cita programada,40,10,25%,40,25%,,Cita programada,6,14,110%,6,110%,,,Cita programada,23,17,74%,23,74%,,,,,,,,,,,,,,,,,,,,,
Cita efectiva,185,193,104%,185,104%,,Cita efectiva,40,44,110%,40,110%,,Cita efectiva,80,63,79%,80,79%,,,Cita efectiva,60,45,75%,60,75%,,Cita efectiva,34,7,21%,34,21%,,Cita efectiva,6,14,110%,6,110%,,,Cita efectiva,14,10,71%,14,71%,,,,,,,,,,,,,,,,,,,,,
Prueba de manejo,110,127,110%,110,110%,,Prueba de manejo,28,35,110%,28,110%,,Prueba de manejo,48,38,79%,48,79%,,,Prueba de manejo,36,33,92%,36,92%,,Prueba de manejo,20,2,10%,20,10%,,Prueba de manejo,6,6,100%,6,110%,,,Prueba de manejo,9,9,100%,9,100%,,,,,,,,,,,,,,,,,,,,,
Solicitud de crédito generada,100,104,104%,100,104%,,Solicitud de crédito generada,25,27,108%,25,108%,,Solicitud de crédito generada,35,14,40%,35,40%,,,Solicitud de crédito generada,28,29,104%,28,104%,,Solicitud de crédito generada,17,9,53%,17,53%,,Solicitud de crédito generada,6,17,110%,6,110%,,,Solicitud de crédito generada,8,8,100%,8,100%,,,,,,,,,,,,,,,,,,,,,
Solicitud de crédito aprobada,51,41,80%,51,80%,,Solicitud de crédito aprobada,13,13,100%,13,100%,,Solicitud de crédito aprobada,17,5,29%,17,29%,,,Solicitud de crédito aprobada,15,12,80%,15,80%,,Solicitud de crédito aprobada,10,4,40%,10,40%,,Solicitud de crédito aprobada,2,5,110%,2,110%,,,Solicitud de crédito aprobada,6,2,33%,6,33%,,,,,,,,,,,,,,,,,,,,,
Formalizado,38,21,55%,38,55%,,Formalizado,9,8,89%,9,89%,,Formalizado,14,2,14%,14,14%,,,Formalizado,11,7,64%,11,64%,,Formalizado,5,2,40%,5,40%,,Formalizado,2,1,50%,2,110%,,,Formalizado,2,1,50%,2,50%,,,,,,,,,,,,,,,,,,,,,
Ventas ,45,36,80%,45,80%,,Ventas ,10,10,100%,10,100%,,Ventas ,15,7,47%,15,47%,,,Ventas ,13,9,69%,13,69%,,Ventas ,6,4,67%,6,67%,,Ventas ,0,5,0%,0,0%,,,Ventas ,2,1,50%,2,50%,,,,,,,,,,,,,,,,,,,,,
,,,,,,,,,,,,,,,,,,,,,,,,,,,,,,,,,,,,,,,,,,,,,,,,,,,,,,,,,,,,,,,,,,,,,,
Funnel Agosto 2025,,,,,,,,,,,,,,,,,,,,,,,,,,,,,,,,,,,,,,,,,,,,,,,,,,,,,,,,,,,,,,,,,,,,,,
,,,,,,,,,,,,,,,,,,,,,,,,,,,,,,,,,,,,,,,,,,,,,,,,,,,,,,,,,,,,,,,,,,,,,,
GAC Angelopolis,,,,,,,Plaza Ange,,,,,,,Piso ,,,,,,,,Digital ,,,,,,,Galerias Tlaxcala,,,,,,,Otros,,,,,,,,Estrategia de Prospeccion,,,,,,,Custom,,,,,,,,,,,,,,,,,,,
Item,Obj,Real,Acu,Obj al dia ,Cumpli,,Item,Obj,Real,Acu,Obj al dia ,Cumpli,,Item,Obj,Real,Acu,Obj al dia ,Cumpli,,,Item,Obj,Real,Acu,Obj al dia ,Cumpli,,Item,Obj,Real,Acu,Obj al dia ,Cumpli,,Item,Obj,Real,Acu,Obj al dia ,Cumpli,,,Item,Obj,Real,Acu,Obj al dia ,Cumpli,,Item,Obj,Real,Acu,Obj al dia ,Cumpli,,,,,,,,,,,,,,
Ventas ,45,27,60%,45,60%,,Ventas ,10,5,50%,10,50%,,Ventas ,15,7,47%,7,47%,,,Ventas ,13,9,69%,13,69%,,Ventas ,6,1,17%,6,17%,,Ventas ,4,4,100%,4,100%,,,Ventas ,2,1,50%,2,50%,,Ventas ,1,0,0%,1,0%,,,,,,,,,,,,,,
Leads generados,1050,1419,135%,1050,135%,,Leads generados,280,295,105%,280,105%,,Leads generados,80,71,89%,71,89%,,,Leads generados,500,827,165%,500,165%,,Leads generados,160,102,64%,160,64%,,Leads generados,80,70,88%,80,88%,,,Leads generados,50,47,94%,50,94%,,Leads generados,20,7,35%,20,35%,,,,,,,,,,,,,,
Leads efectivos,750,624,83%,750,83%,,Leads efectivos,220,183,83%,220,83%,,Leads efectivos,80,71,89%,71,89%,,,Leads efectivos,410,239,58%,410,58%,,Leads efectivos,100,62,62%,100,62%,,Leads efectivos,75,37,49%,75,49%,,,Leads efectivos,38,25,66%,38,66%,,Leads efectivos,20,7,35%,20,35%,,,,,,,,,,,,,,
Cita programada,230,300,130%,230,130%,,Cita programada,95,50,53%,95,53%,,Cita programada,80,71,89%,71,89%,,,Cita programada,100,135,135%,100,135%,,Cita programada,40,13,33%,40,33%,,Cita programada,15,10,67%,15,67%,,,Cita programada,23,12,52%,23,52%,,Cita programada,20,9,45%,20,45%,,,,,,,,,,,,,,
Cita efectiva,206,194,94%,206,94%,,Cita efectiva,40,36,90%,40,90%,,Cita efectiva,80,71,89%,71,89%,,,Cita efectiva,60,51,85%,60,85%,,Cita efectiva,34,9,26%,34,26%,,Cita efectiva,10,8,80%,10,80%,,,Cita efectiva,14,12,86%,14,86%,,Cita efectiva,20,7,35%,20,35%,,,,,,,,,,,,,,
Prueba de manejo,126,123,98%,126,98%,,Prueba de manejo,28,23,82%,28,82%,,Prueba de manejo,48,44,92%,44,92%,,,Prueba de manejo,36,31,86%,36,86%,,Prueba de manejo,20,8,40%,20,40%,,Prueba de manejo,8,5,63%,8,63%,,,Prueba de manejo,9,11,122%,9,122%,,Prueba de manejo,12,1,8%,12,8%,,,,,,,,,,,,,,
Solicitud de crédito generada,115,99,86%,115,86%,,Solicitud de crédito generada,25,19,76%,25,76%,,Solicitud de crédito generada,35,22,63%,22,63%,,,Solicitud de crédito generada,28,29,104%,28,104%,,Solicitud de crédito generada,17,6,35%,17,35%,,Solicitud de crédito generada,7,22,314%,7,314%,,,Solicitud de crédito generada,8,1,13%,8,13%,,Solicitud de crédito generada,8,0,0%,8,0%,,,,,,,,,,,,,,
Solicitud de crédito aprobada,51,27,53%,51,53%,,Solicitud de crédito aprobada,13,7,54%,13,54%,,Solicitud de crédito aprobada,17,5,29%,5,29%,,,Solicitud de crédito aprobada,15,8,53%,15,53%,,Solicitud de crédito aprobada,10,3,30%,10,30%,,Solicitud de crédito aprobada,5,4,80%,5,80%,,,Solicitud de crédito aprobada,6,0,0%,6,0%,,Solicitud de crédito aprobada,5,0,0%,5,0%,,,,,,,,,,,,,,
Formalizado,38,13,34%,38,34%,,Formalizado,9,3,33%,9,33%,,Formalizado,14,4,29%,4,29%,,,Formalizado,11,4,36%,11,36%,,Formalizado,5,0,0%,5,0%,,Formalizado,2,2,100%,2,100%,,,Formalizado,2,0,0%,2,0%,,Formalizado,1,0,0%,1,0%,,,,,,,,,,,,,,
Ventas ,45,27,60%,45,60%,,Ventas ,10,5,50%,10,50%,,Ventas ,15,7,47%,7,47%,,,Ventas ,13,9,69%,13,69%,,Ventas ,6,1,17%,6,17%,,Ventas ,4,4,100%,4,100%,,,Ventas ,2,1,50%,2,50%,,Ventas ,1,0,0%,1,0%,,,,,,,,,,,,,,
,,,,,,,,,,,,,,,,,,,,,,,,,,,,,,,,,,,,,,,,,,,,,,,,,,,,,,,,,,,,,,,,,,,,,,
Funnel Septiembre 2025,,,,,,,,,,,,,,,,,,,,,,,,,,,,,,,,,,,,,,,,,,,,,,,,,,,,,,,,,,,,,,,,,,,,,,
,,,,,,,,,,,,,,,,,,,,,,,,,,,,,,,,,,,,,,,,,,,,,,,,,,,,,,,,,,,,,,,,,,,,,,
GAC Angelopolis,,,,,,,Plaza Ange,,,,,,,Piso ,,,,,,,,Digital ,,,,,,,Galerias Tlaxcala,,,,,,,Otros / Custom ,,,,,,,,Estrategia de Prospeccion,,,,,,,Custom,,,,,,,,,,,,,,,,,,,
Item,Obj,Real,Acu,Obj al dia ,Cumpli,,Item,Obj,Real,Acu,Obj al dia ,Cumpli,,Item,Obj,Real,Acu,Obj al dia ,Cumpli,,,Item,Obj,Real,Acu,Obj al dia ,Cumpli,,Item,Obj,Real,Acu,Obj al dia ,Cumpli,,Item,Obj,Real,Acu,Obj al dia ,Cumpli,,,Item,Obj,Real,Acu,Obj al dia ,Cumpli,,Item,Obj,Real,Acu,Obj al dia ,Cumpli,,,,,,,,,,,,,,
Ventas ,45,38,84%,45,84%,,Ventas ,10,12,120%,10,120%,,Ventas ,15,7,47%,15,47%,,,Ventas ,13,15,115%,13,115%,,Ventas ,6,3,50%,6,50%,,Ventas ,1,1,100%,1,100%,,,Ventas ,2,0,0%,2,0%,,Ventas ,,,,,,,,,,,,,,,,,,,
Leads generados,1050,1100,105%,1050,105%,,Leads generados,280,245,88%,280,88%,,Leads generados,80,58,73%,80,73%,,,Leads generados,500,676,135%,500,135%,,Leads generados,160,67,42%,160,42%,,Leads generados,40,36,90%,40,90%,,,Leads generados,50,18,36%,50,36%,,Leads generados,,,,,,,,,,,,,,,,,,,
Leads efectivos,750,660,88%,750,88%,,Leads efectivos,220,180,82%,220,82%,,Leads efectivos,80,58,73%,80,73%,,,Leads efectivos,410,344,84%,410,84%,,Leads efectivos,100,37,37%,100,37%,,Leads efectivos,40,27,68%,40,68%,,,Leads efectivos,38,14,37%,38,37%,,Leads efectivos,,,,,,,,,,,,,,,,,,,
Cita programada,230,273,119%,230,119%,,Cita programada,95,64,67%,95,67%,,Cita programada,80,58,73%,80,73%,,,Cita programada,100,125,125%,100,125%,,Cita programada,40,10,25%,40,25%,,Cita programada,26,13,50%,26,50%,,,Cita programada,23,3,13%,23,13%,,Cita programada,,,,,,,,,,,,,,,,,,,
Cita efectiva,206,212,103%,206,103%,,Cita efectiva,40,45,113%,40,113%,,Cita efectiva,80,58,73%,80,73%,,,Cita efectiva,60,73,122%,60,122%,,Cita efectiva,34,9,26%,34,26%,,Cita efectiva,26,12,46%,26,46%,,,Cita efectiva,14,3,21%,14,21%,,Cita efectiva,,,,,,,,,,,,,,,,,,,
Prueba de manejo,126,116,92%,126,92%,,Prueba de manejo,28,32,114%,28,114%,,Prueba de manejo,48,31,65%,48,65%,,,Prueba de manejo,36,31,86%,36,86%,,Prueba de manejo,20,9,45%,20,45%,,Prueba de manejo,18,8,44%,18,44%,,,Prueba de manejo,9,3,33%,9,33%,,Prueba de manejo,,,,,,,,,,,,,,,,,,,
Solicitud de crédito generada,115,127,110%,115,110%,,Solicitud de crédito generada,25,35,140%,25,140%,,Solicitud de crédito generada,35,21,60%,35,60%,,,Solicitud de crédito generada,28,36,129%,28,129%,,Solicitud de crédito generada,17,9,53%,17,53%,,Solicitud de crédito generada,14,24,171%,14,171%,,,Solicitud de crédito generada,8,2,25%,8,25%,,Solicitud de crédito generada,,,,,,,,,,,,,,,,,,,
Solicitud de crédito aprobada,51,43,84%,51,84%,,Solicitud de crédito aprobada,13,13,100%,13,100%,,Solicitud de crédito aprobada,17,6,35%,17,35%,,,Solicitud de crédito aprobada,15,12,80%,15,80%,,Solicitud de crédito aprobada,10,4,40%,10,40%,,Solicitud de crédito aprobada,7,8,114%,7,114%,,,Solicitud de crédito aprobada,6,0,0%,6,0%,,Solicitud de crédito aprobada,,,,,,,,,,,,,,,,,,,
Formalizado,38,25,66%,38,66%,,Formalizado,9,5,56%,9,56%,,Formalizado,14,4,29%,14,29%,,,Formalizado,11,6,55%,11,55%,,Formalizado,5,3,60%,5,60%,,Formalizado,3,7,233%,3,233%,,,Formalizado,2,0,0%,2,0%,,Formalizado,,,,,,,,,,,,,,,,,,,
Ventas ,45,38,84%,45,84%,,Ventas ,10,12,120%,10,120%,,Ventas ,15,7,47%,15,47%,,,Ventas ,13,15,115%,13,115%,,Ventas ,6,3,50%,6,50%,,Ventas ,1,1,100%,1,100%,,,Ventas ,2,0,0%,2,0%,,Ventas ,,,,,,,,,,,,,,,,,,,
,,,,,,,,,,,,,,,,,,,,,,,,,,,,,,,,,,,,,,,,,,,,,,,,,,,,,,,,,,,,,,,,,,,,,,
Funnel Octubre 2025,,,,,,,,,,,,,,,,,,,,,,,,,,,,,,,,,,,,,,,,,,,,,,,,,,,,,,,,,,,,,,,,,,,,,,
,,,,,,,,,,,,,,,,,,,,,,,,,,,,,,,,,,,,,,,,,,,,,,,,,,,,,,,,,,,,,,,,,,,,,,
GAC Angelopolis,,,,,,,Plaza Ange,,,,,,,Piso ,,,,,,,,Digital ,,,,,,,Galerias Tlaxcala,,,,,,,Otros / Cartera / Casa ,,,,,,,,Estrategia de Prospeccion,,,,,,,,,,,,,,,,,,,,,,,,,,
Item,Obj,Real,Acu,Obj al dia ,Cumpli,,Item,Obj,Real,Acu,Obj al dia ,Cumpli,,Item,Obj,Real,Acu,Obj al dia ,Cumpli,,,Item,Obj,Real,Acu,Obj al dia ,Cumpli,,Item,Obj,Real,Acu,Obj al dia ,Cumpli,,Item,Obj,Real,Acu,Obj al dia ,Cumpli,,,Item,Obj,Real,Acu,Obj al dia ,Cumpli,,,,,,,,,,,,,,,,,,,,,
Ventas ,45,40,89%,45,89%,,Ventas ,12,10,83%,12,83%,,Ventas ,13,11,85%,13,85%,,,Ventas ,13,10,77%,13,77%,,Ventas ,6,2,33%,6,33%,,Ventas ,1,7,700%,1,700%,,,Ventas ,2,0,0%,2,0%,,,,,,,,,,,,,,,,,,,,,
Leads generados,1050,1192,114%,1050,114%,,Leads generados,280,268,96%,280,96%,,Leads generados,80,72,90%,80,90%,,,Leads generados,500,688,138%,500,138%,,Leads generados,100,56,56%,100,56%,,Leads generados,40,64,160%,40,160%,,,Leads generados,50,44,88%,50,88%,,,,,,,,,,,,,,,,,,,,,
Leads efectivos,750,695,93%,750,93%,,Leads efectivos,220,187,85%,220,85%,,Leads efectivos,80,72,90%,80,90%,,,Leads efectivos,410,329,80%,410,80%,,Leads efectivos,85,39,46%,85,46%,,Leads efectivos,40,34,85%,40,85%,,,Leads efectivos,38,34,89%,38,89%,,,,,,,,,,,,,,,,,,,,,
Cita programada,230,304,132%,230,132%,,Cita programada,95,50,53%,95,53%,,Cita programada,80,72,90%,80,90%,,,Cita programada,100,110,110%,100,110%,,Cita programada,35,27,77%,35,77%,,Cita programada,26,37,142%,26,142%,,,Cita programada,23,8,35%,23,35%,,,,,,,,,,,,,,,,,,,,,
Cita efectiva,206,220,107%,206,107%,,Cita efectiva,40,40,100%,40,100%,,Cita efectiva,80,72,90%,80,90%,,,Cita efectiva,60,60,100%,60,100%,,Cita efectiva,25,8,32%,25,32%,,Cita efectiva,26,33,127%,26,127%,,,Cita efectiva,14,7,50%,14,50%,,,,,,,,,,,,,,,,,,,,,
Prueba de manejo,126,154,122%,126,122%,,Prueba de manejo,28,33,118%,28,118%,,Prueba de manejo,48,48,100%,48,100%,,,Prueba de manejo,36,32,89%,36,89%,,Prueba de manejo,20,10,50%,20,50%,,Prueba de manejo,18,15,83%,18,83%,,,Prueba de manejo,9,9,100%,9,100%,,,,,,,,,,,,,,,,,,,,,
Solicitud de crédito generada,115,136,118%,115,118%,,Solicitud de crédito generada,25,30,120%,25,120%,,Solicitud de crédito generada,35,24,69%,35,69%,,,Solicitud de crédito generada,28,50,179%,28,179%,,Solicitud de crédito generada,17,8,47%,17,47%,,Solicitud de crédito generada,14,21,150%,14,150%,,,Solicitud de crédito generada,8,3,38%,8,38%,,,,,,,,,,,,,,,,,,,,,
Solicitud de crédito aprobada,51,51,100%,51,100%,,Solicitud de crédito aprobada,13,12,92%,13,92%,,Solicitud de crédito aprobada,17,14,82%,17,82%,,,Solicitud de crédito aprobada,15,14,93%,15,93%,,Solicitud de crédito aprobada,10,2,20%,10,20%,,Solicitud de crédito aprobada,7,8,114%,7,114%,,,Solicitud de crédito aprobada,6,1,17%,6,17%,,,,,,,,,,,,,,,,,,,,,
Formalizado,38,25,66%,38,66%,,Formalizado,9,6,67%,9,67%,,Formalizado,14,6,43%,14,43%,,,Formalizado,11,6,55%,11,55%,,Formalizado,4,1,25%,4,25%,,Formalizado,3,6,200%,3,200%,,,Formalizado,2,0,0%,2,0%,,,,,,,,,,,,,,,,,,,,,
Ventas ,45,40,89%,45,89%,,Ventas ,12,10,83%,12,83%,,Ventas ,13,11,85%,13,85%,,,Ventas ,13,10,77%,13,77%,,Ventas ,6,2,33%,6,33%,,Ventas ,1,7,700%,1,700%,,,Ventas ,2,0,0%,2,0%,,,,,,,,,,,,,,,,,,,,,
,,,,,,,,,,,,,,,,,,,,,,,,,,,,,,,,,,,,,,,,,,,,,,,,,,,,,,,,,,,,,,,,,,,,,,
Funnel Noviembre 2025,,,,,,,,,,,,,,,,,,,,,,,,,,,,,,,,,,,,,,,,,,,,,,,,,,,,,,,,,,,,,,,,,,,,,,
,,,,,,,,,,,,,,,,,,,,,,,,,,,,,,,,,,,,,,,,,,,,,,,,,,,,,,,,,,,,,,,,,,,,,,
GAC Angelopolis,,,,,,,Plaza Ange,,,,,,,Piso ,,,,,,,,Digital ,,,,,,,Galerias Tlaxcala,,,,,,,Otros / Cartera / Casa ,,,,,,,,Estrategia de Prospeccion,,,,,,,,,,,,,,,,,,,,,,,,,,
Item,Obj,Real,Acu,Obj al dia ,Cumpli,,Item,Obj,Real,Acu,Obj al dia ,Cumpli,,Item,Obj,Real,Acu,Obj al dia ,Cumpli,,,Item,Obj,Real,Acu,Obj al dia ,Cumpli,,Item,Obj,Real,Acu,Obj al dia ,Cumpli,,Item,Obj,Real,Acu,Obj al dia ,Cumpli,,,Item,Obj,Real,Acu,Obj al dia ,Cumpli,,,,,,,,,,,,,,,,,,,,,
Ventas ,45,43,96%,45,96%,,Ventas ,12,10,83%,12,83%,,Ventas ,13,9,69%,13,69%,,,Ventas ,13,14,108%,13,108%,,Ventas ,6,1,17%,6,17%,,Ventas ,7,8,114%,7,114%,,,Ventas ,2,0,0%,2,0%,,,,,,,,,,,,,,,,,,,,,
Leads generados,1125,1075,96%,1125,96%,,Leads generados,280,210,75%,280,75%,,Leads generados,85,81,95%,85,95%,,,Leads generados,600,554,92%,600,92%,,Leads generados,100,64,64%,100,64%,,Leads generados,40,129,323%,40,323%,,,Leads generados,50,23,46%,50,46%,,,,,,,,,,,,,,,,,,,,,
Leads efectivos,785,758,97%,785,97%,,Leads efectivos,220,170,77%,220,77%,,Leads efectivos,85,81,95%,85,95%,,,Leads efectivos,410,342,83%,410,83%,,Leads efectivos,85,39,46%,85,46%,,Leads efectivos,40,94,235%,40,235%,,,Leads efectivos,38,18,47%,38,47%,,,,,,,,,,,,,,,,,,,,,
Cita programada,240,329,110%,240,110%,,Cita programada,95,53,56%,95,56%,,Cita programada,85,81,95%,85,95%,,,Cita programada,100,97,97%,100,97%,,Cita programada,35,7,20%,35,20%,,Cita programada,26,75,288%,26,288%,,,Cita programada,23,2,9%,23,9%,,,,,,,,,,,,,,,,,,,,,
Cita efectiva,215,225,105%,215,105%,,Cita efectiva,45,29,64%,45,64%,,Cita efectiva,85,81,95%,85,95%,,,Cita efectiva,60,55,92%,60,92%,,Cita efectiva,25,3,12%,25,12%,,Cita efectiva,26,42,162%,26,162%,,,Cita efectiva,14,1,7%,14,7%,,,,,,,,,,,,,,,,,,,,,
Prueba de manejo,130,116,89%,130,89%,,Prueba de manejo,33,29,88%,33,88%,,Prueba de manejo,48,43,90%,48,90%,,,Prueba de manejo,36,22,61%,36,61%,,Prueba de manejo,20,4,20%,20,20%,,Prueba de manejo,18,12,67%,18,67%,,,Prueba de manejo,9,0,0%,9,0%,,,,,,,,,,,,,,,,,,,,,
Solicitud de crédito generada,125,119,95%,125,95%,,Solicitud de crédito generada,28,28,100%,28,100%,,Solicitud de crédito generada,35,21,60%,35,60%,,,Solicitud de crédito generada,28,42,110%,28,110%,,Solicitud de crédito generada,17,5,29%,17,29%,,Solicitud de crédito generada,14,21,150%,14,150%,,,Solicitud de crédito generada,8,1,13%,8,13%,,,,,,,,,,,,,,,,,,,,,
Solicitud de crédito aprobada,58,49,84%,58,84%,,Solicitud de crédito aprobada,16,9,56%,16,56%,,Solicitud de crédito aprobada,17,13,76%,17,76%,,,Solicitud de crédito aprobada,15,10,67%,15,67%,,Solicitud de crédito aprobada,10,3,30%,10,30%,,Solicitud de crédito aprobada,8,13,163%,8,163%,,,Solicitud de crédito aprobada,6,1,17%,6,17%,,,,,,,,,,,,,,,,,,,,,
Formalizado,38,24,63%,38,63%,,Formalizado,9,5,56%,9,56%,,Formalizado,11,8,73%,11,73%,,,Formalizado,11,6,55%,11,55%,,Formalizado,4,0,0%,4,0%,,Formalizado,3,5,167%,3,167%,,,Formalizado,2,0,0%,2,0%,,,,,,,,,,,,,,,,,,,,,
Ventas ,45,43,96%,45,96%,,Ventas ,12,10,83%,12,83%,,Ventas ,13,9,69%,13,69%,,,Ventas ,13,14,108%,13,108%,,Ventas ,6,1,17%,6,17%,,Ventas ,7,8,114%,7,114%,,,Ventas ,2,0,0%,2,0%,,,,,,,,,,,,,,,,,,,,,
,,,,,,,,,,,,,,,,,,,,,,,,,,,,,,,,,,,,,,,,,,,,,,,,,,,,,,,,,,,,,,,,,,,,,,
Funnel Diciembre 2025,,,,,,,,,,,,,,,,,,,,,,,,,,,,,,,,,,,,,,,,,,,,,,,,,,,,,,,,,,,,,,,,,,,,,,
,,,,,,,,,,,,,,,,,,,,,,,,,,,,,,,,,,,,,,,,,,,,,,,,,,,,,,,,,,,,,,,,,,,,,,
GAC Angelopolis,,,,,,,Plaza Ange,,,,,,,Piso ,,,,,,,,Digital ,,,,,,,Galerias Tlaxcala,,,,,,,Otros / Cartera / Casa ,,,,,,,,,,,,,,,,,,,,,,,,,,,,,,,,,,
Item,Obj,Real,Acu,Obj al dia ,Cumpli,,Item,Obj,Real,Acu,Obj al dia ,Cumpli,,Item,Obj,Real,Acu,Obj al dia ,Cumpli,,,Item,Obj,Real,Acu,Obj al dia ,Cumpli,,Item,Obj,Real,Acu,Obj al dia ,Cumpli,,Item,Obj,Real,Acu,Obj al dia ,Cumpli,,,,,,,,,,,,,,,,,,,,,,,,,,,,,
Ventas ,50,34,68%,50,68%,,Ventas ,12,8,67%,12,67%,,Ventas ,13,9,69%,13,69%,,,Ventas ,13,8,62%,13,62%,,Ventas ,6,1,17%,6,17%,,Ventas ,9,8,89%,9,89%,,,,,,,,,,,,,,,,,,,,,,,,,,,,,
Leads generados,1280,1534,110%,1280,110%,,Leads generados,280,252,90%,280,90%,,Leads generados,85,76,89%,85,89%,,,Leads generados,600,908,110%,600,110%,,Leads generados,100,73,73%,100,73%,,Leads generados,135,225,110%,135,110%,,,,,,,,,,,,,,,,,,,,,,,,,,,,,
Leads efectivos,790,1137,110%,790,110%,,Leads efectivos,220,218,99%,220,99%,,Leads efectivos,85,76,89%,85,89%,,,Leads efectivos,410,576,110%,410,110%,,Leads efectivos,85,69,81%,85,81%,,Leads efectivos,118,198,110%,118,110%,,,,,,,,,,,,,,,,,,,,,,,,,,,,,
Cita programada,280,290,104%,280,104%,,Cita programada,95,36,38%,95,38%,,Cita programada,85,76,89%,85,89%,,,Cita programada,100,90,90%,100,90%,,Cita programada,35,10,29%,35,29%,,Cita programada,86,78,91%,86,91%,,,,,,,,,,,,,,,,,,,,,,,,,,,,,
Cita efectiva,215,235,109%,215,109%,,Cita efectiva,45,31,69%,45,69%,,Cita efectiva,85,76,89%,85,89%,,,Cita efectiva,60,51,85%,60,85%,,Cita efectiva,25,10,40%,25,40%,,Cita efectiva,67,67,100%,67,100%,,,,,,,,,,,,,,,,,,,,,,,,,,,,,
Prueba de manejo,130,130,100%,130,100%,,Prueba de manejo,33,13,39%,33,39%,,Prueba de manejo,48,22,46%,48,46%,,,Prueba de manejo,36,23,64%,36,64%,,Prueba de manejo,20,5,25%,20,25%,,Prueba de manejo,52,67,110%,52,110%,,,,,,,,,,,,,,,,,,,,,,,,,,,,,
Solicitud de crédito generada,125,111,89%,125,89%,,Solicitud de crédito generada,28,28,100%,28,100%,,Solicitud de crédito generada,35,27,77%,35,77%,,,Solicitud de crédito generada,28,39,110%,28,110%,,Solicitud de crédito generada,17,6,35%,17,35%,,Solicitud de crédito generada,38,11,29%,38,29%,,,,,,,,,,,,,,,,,,,,,,,,,,,,,
Solicitud de crédito aprobada,60,31,52%,60,52%,,Solicitud de crédito aprobada,16,8,50%,16,50%,,Solicitud de crédito aprobada,17,9,53%,17,53%,,,Solicitud de crédito aprobada,15,7,47%,15,47%,,Solicitud de crédito aprobada,10,2,20%,10,20%,,Solicitud de crédito aprobada,26,5,19%,26,19%,,,,,,,,,,,,,,,,,,,,,,,,,,,,,
Formalizado,41,14,34%,41,34%,,Formalizado,9,2,22%,9,22%,,Formalizado,14,5,36%,14,36%,,,Formalizado,11,4,36%,11,36%,,Formalizado,4,0,0%,4,0%,,Formalizado,7,3,43%,7,43%,,,,,,,,,,,,,,,,,,,,,,,,,,,,,
Ventas ,50,34,68%,50,68%,,Ventas ,12,8,67%,12,67%,,Ventas ,13,9,69%,13,69%,,,Ventas ,13,8,62%,13,62%,,Ventas ,6,1,17%,6,17%,,Ventas ,9,8,89%,9,89%,,,,,,,,,,,,,,,,,,,,,,,,,,,,,
,,,,,,,,,,,,,,,,,,,,,,,,,,,,,,,,,,,,,,,,,,,,,,,,,,,,,,,,,,,,,,,,,,,,,,
Funnel Enero 2026,,,,,,,,,,,,,,,,,,,,,,,,,,,,,,,,,,,,,,,,,,,,,,,,,,,,,,,,,,,,,,,,,,,,,,
,,,,,,,,,,,,,,,,,,,,,,,,,,,,,,,,,,,,,,,,,,,,,,,,,,,,,,,,,,,,,,,,,,,,,,
GAC Angelopolis,,,,,,,Plaza Ange,,,,,,,Piso ,,,,,,,,Digital ,,,,,,,Galerias Tlaxcala,,,,,,,Otros,,,,,,,,Estrategia de Prospeccion,,,,,,,,,,,,,,,,,,,,,,,,,,
Item,Obj,Real,Acu,Obj al dia ,Cumpli,,Item,Obj,Real,Acu,Obj al dia ,Cumpli,,Item,Obj,Real,Acu,Obj al dia ,Cumpli,,,Item,Obj,Real,Acu,Obj al dia ,Cumpli,,Item,Obj,Real,Acu,Obj al dia ,Cumpli,,Item,Obj,Real,Acu,Obj al dia ,Cumpli,,,Item,Obj,Real,Acu,Obj al dia ,Cumpli,,,,,,,,,,,,,,,,,,,,,
Ventas ,45,38,84%,45,84%,,Ventas ,12,3,25%,12,25%,,Ventas ,13,6,46%,13,46%,,,Ventas ,13,6,46%,13,46%,,Ventas ,6,2,33%,6,33%,,Ventas ,9,17,110%,9,110%,,,Ventas ,2,4,110%,2,110%,,,,,,,,,,,,,,,,,,,,,
Leads generados,1275,1499,110%,1275,110%,,Leads generados,280,210,75%,280,75%,,Leads generados,85,105,110%,85,110%,,,Leads generados,600,922,110%,600,110%,,Leads generados,100,76,76%,100,76%,,Leads generados,135,93,69%,135,69%,,,Leads generados,115,93,81%,115,81%,,,,,,,,,,,,,,,,,,,,,
Leads efectivos,795,1217,110%,795,110%,,Leads efectivos,220,193,88%,220,88%,,Leads efectivos,85,105,110%,85,110%,,,Leads efectivos,410,674,110%,410,110%,,Leads efectivos,85,65,76%,85,76%,,Leads efectivos,118,88,75%,118,75%,,,Leads efectivos,56,92,110%,56,110%,,,,,,,,,,,,,,,,,,,,,
Cita programada,280,274,98%,280,98%,,Cita programada,95,14,15%,95,15%,,Cita programada,85,105,110%,85,110%,,,Cita programada,100,110,110%,100,110%,,Cita programada,35,9,26%,35,26%,,Cita programada,86,33,38%,86,38%,,,Cita programada,34,3,9%,34,9%,,,,,,,,,,,,,,,,,,,,,
Cita efectiva,215,215,100%,215,100%,,Cita efectiva,45,10,22%,45,22%,,Cita efectiva,85,105,110%,85,110%,,,Cita efectiva,60,56,93%,60,93%,,Cita efectiva,25,9,36%,25,36%,,Cita efectiva,67,32,48%,67,48%,,,Cita efectiva,22,3,14%,22,14%,,,,,,,,,,,,,,,,,,,,,
Prueba de manejo,130,148,110%,130,110%,,Prueba de manejo,33,6,18%,33,18%,,Prueba de manejo,48,46,96%,48,96%,,,Prueba de manejo,36,22,61%,36,61%,,Prueba de manejo,20,9,45%,20,45%,,Prueba de manejo,52,34,65%,52,65%,,,Prueba de manejo,15,29,110%,15,110%,,,,,,,,,,,,,,,,,,,,,
Solicitud de crédito generada,125,113,90%,125,90%,,Solicitud de crédito generada,28,19,68%,28,68%,,Solicitud de crédito generada,35,28,80%,35,80%,,,Solicitud de crédito generada,28,23,82%,28,82%,,Solicitud de crédito generada,17,5,29%,17,29%,,Solicitud de crédito generada,38,24,63%,38,63%,,,Solicitud de crédito generada,9,14,110%,9,110%,,,,,,,,,,,,,,,,,,,,,
Solicitud de crédito aprobada,60,35,58%,60,58%,,Solicitud de crédito aprobada,16,5,31%,16,31%,,Solicitud de crédito aprobada,17,8,47%,17,47%,,,Solicitud de crédito aprobada,15,6,40%,15,40%,,Solicitud de crédito aprobada,10,2,20%,10,20%,,Solicitud de crédito aprobada,26,9,35%,26,35%,,,Solicitud de crédito aprobada,6,5,83%,6,83%,,,,,,,,,,,,,,,,,,,,,
Formalizado,38,21,55%,38,55%,,Formalizado,10,3,30%,10,30%,,Formalizado,12,4,33%,12,33%,,,Formalizado,11,3,27%,11,27%,,Formalizado,4,2,50%,4,50%,,Formalizado,7,6,86%,7,86%,,,Formalizado,2,3,110%,2,110%,,,,,,,,,,,,,,,,,,,,,
Ventas ,45,38,84%,45,84%,,Ventas ,12,3,25%,12,25%,,Ventas ,13,6,46%,13,46%,,,Ventas ,13,6,46%,13,46%,,Ventas ,6,2,33%,6,33%,,Ventas ,9,17,110%,9,110%,,,Ventas ,2,4,110%,2,110%,,,,,,,,,,,,,,,,,,,,,
,,,,,,,,,,,,,,,,,,,,,,,,,,,,,,,,,,,,,,,,,,,,,,,,,,,,,,,,,,,,,,,,,,,,,,
Funnel Febrero 2026,,,,,,,,,,,,,,,,,,,,,,,,,,,,,,,,,,,,,,,,,,,,,,,,,,,,,,,,,,,,,,,,,,,,,,
,,,,,,,,,,,,,,,,,,,,,,,,,,,,,,,,,,,,,,,,,,,,,,,,,,,,,,,,,,,,,,,,,,,,,,
GAC Angelopolis,,,,,,,Plaza Ange,,,,,,,Piso ,,,,,,,,Digital ,,,,,,,Galerias Tlaxcala,,,,,,,Otros,,,,,,,,Estrategia de Prospeccion,,,,,,,,,,,,,,,,,,,,,,,,,,
Item,Obj,Real,Acu,Obj al dia ,Cumpli,,Item,Obj,Real,Acu,Obj al dia ,Cumpli,,Item,Obj,Real,Acu,Obj al dia ,Cumpli,,,Item,Obj,Real,Acu,Obj al dia ,Cumpli,,Item,Obj,Real,Acu,Obj al dia ,Cumpli,,Item,Obj,Real,Acu,Obj al dia ,Cumpli,,,Item,Obj,Real,Acu,Obj al dia ,Cumpli,,,,,,,,,,,,,,,,,,,,,
Ventas ,40,31,85%,40,78%,,Ventas ,10,5,50%,10,50%,,Ventas ,13,7,77%,13,54%,,,Ventas ,12,13,108%,12,108%,,Ventas ,3,0,100%,3,0%,,Ventas ,9,5,56%,9,56%,,,Ventas ,1,1,100%,1,100%,,,,,,,,,,,,,,,,,,,,,
Leads generados,1260,1373,101%,1260,101%,,Leads generados,280,230,82%,280,82%,,Leads generados,85,94,110%,85,110%,,,Leads generados,600,635,106%,600,106%,,Leads generados,100,62,62%,100,62%,,Leads generados,135,211,110%,135,110%,,,Leads generados,30,41,110%,30,110%,,,,,,,,,,,,,,,,,,,,,
Leads efectivos,926,1045,110%,926,110%,,Leads efectivos,208,200,96%,208,96%,,Leads efectivos,85,94,110%,85,110%,,,Leads efectivos,385,457,110%,385,110%,,Leads efectivos,85,58,68%,85,68%,,Leads efectivos,118,206,110%,118,110%,,,Leads efectivos,28,30,107%,28,107%,,,,,,,,,,,,,,,,,,,,,
Cita programada,285,434,110%,285,110%,,Cita programada,85,89,105%,85,105%,,Cita programada,85,94,110%,85,110%,,,Cita programada,94,85,90%,94,90%,,Cita programada,32,21,66%,32,66%,,Cita programada,86,126,110%,86,110%,,,Cita programada,18,19,106%,18,106%,,,,,,,,,,,,,,,,,,,,,
Cita efectiva,215,337,110%,215,110%,,Cita efectiva,45,36,80%,45,80%,,Cita efectiva,85,94,110%,85,110%,,,Cita efectiva,60,43,72%,60,72%,,Cita efectiva,25,21,84%,25,84%,,Cita efectiva,67,124,110%,67,110%,,,Cita efectiva,12,19,110%,12,110%,,,,,,,,,,,,,,,,,,,,,
Prueba de manejo,105,109,84%,130,84%,,Prueba de manejo,33,19,58%,33,58%,,Prueba de manejo,48,28,58%,48,58%,,,Prueba de manejo,36,22,61%,36,61%,,Prueba de manejo,20,11,55%,20,55%,,Prueba de manejo,52,21,40%,52,40%,,,Prueba de manejo,10,8,80%,10,80%,,,,,,,,,,,,,,,,,,,,,
Solicitud de crédito generada,101,83,66%,125,66%,,Solicitud de crédito generada,28,21,75%,28,75%,,Solicitud de crédito generada,35,18,51%,35,51%,,,Solicitud de crédito generada,28,21,75%,28,75%,,Solicitud de crédito generada,17,2,12%,17,12%,,Solicitud de crédito generada,38,19,50%,38,50%,,,Solicitud de crédito generada,5,2,40%,5,40%,,,,,,,,,,,,,,,,,,,,,
Solicitud de crédito aprobada,58,37,64%,58,64%,,Solicitud de crédito aprobada,16,10,63%,16,63%,,Solicitud de crédito aprobada,17,12,71%,17,71%,,,Solicitud de crédito aprobada,15,9,60%,15,60%,,Solicitud de crédito aprobada,10,0,0%,10,0%,,Solicitud de crédito aprobada,26,5,19%,26,19%,,,Solicitud de crédito aprobada,3,1,33%,3,33%,,,,,,,,,,,,,,,,,,,,,
Formalizado,28,17,61%,28,61%,,Formalizado,6,4,67%,6,67%,,Formalizado,6,7,110%,6,110%,,,Formalizado,8,4,50%,8,50%,,Formalizado,2,0,0%,2,0%,,Formalizado,7,1,14%,7,14%,,,Formalizado,1,1,100%,1,100%,,,,,,,,,,,,,,,,,,,,,
Ventas ,40,31,85%,40,78%,,Ventas ,10,5,50%,10,50%,,Ventas ,13,7,77%,13,54%,,,Ventas ,12,13,108%,12,108%,,Ventas ,3,0,100%,3,0%,,Ventas ,9,5,56%,9,56%,,,Ventas ,1,1,100%,1,100%,,,,,,,,,,,,,,,,,,,,,
,,,,,,,,,,,,,,,,,,,,,,,,,,,,,,,,,,,,,,,,,,,,,,,,,,,,,,,,,,,,,,,,,,,,,,
Funnel Marzo 2026,,,,,,,,,,,,,,,,,,,,,,,,,,,,,,,,,,,,,,,,,,,,,,,,,,,,,,,,,,,,,,,,,,,,,,
,,,,,,,,,,,,,,,,,,,,,,,,,,,,,,,,,,,,,,,,,,,,,,,,,,,,,,,,,,,,,,,,,,,,,,
GAC Angelopolis,,,,,,,Plaza Ange,,,,,,,Piso ,,,,,,,,Digital ,,,,,,,Galerias Tlaxcala,,,,,,,Otros,,,,,,,,Estrategia de Prospeccion,,,,,,,Plaza Pachuca,,,,,,,,,,,,,,,,,,,
Item,Obj,Real,Acu,Obj al dia ,Cumpli,,Item,Obj,Real,Acu,Obj al dia ,Cumpli,,Item,Obj,Real,Acu,Obj al dia ,Cumpli,,,Item,Obj,Real,Acu,Obj al dia ,Cumpli,,Item,Obj,Real,Acu,Obj al dia ,Cumpli,,Item,Obj,Real,Acu,Obj al dia ,Cumpli,,,Item,Obj,Real,Acu,Obj al dia ,Cumpli,,Item,Obj,Real,Acu,Obj al dia ,Cumpli,,,,,,,,,,,,,,
Ventas ,40,41,103%,40,103%,,Ventas ,10,5,50%,10,50%,,Ventas ,13,8,62%,13,62%,,,Ventas ,12,11,92%,12,92%,,Ventas ,3,0,0%,3,0%,,Ventas ,,17,,,,,,Ventas ,1,0,0%,1,0%,,Ventas ,3,2,67%,3,67%,,,,,,,,,,,,,,
Leads generados,1380,1678,110%,1380,110%,,Leads generados,280,217,78%,280,78%,,Leads generados,85,105,110%,85,110%,,,Leads generados,600,980,110%,600,110%,,Leads generados,100,87,87%,100,87%,,Leads generados,,230,,,,,,Leads generados,30,59,110%,30,110%,,Leads generados,60,88,110%,60,110%,,,,,,,,,,,,,,
Leads efectivos,926,1186,110%,926,110%,,Leads efectivos,208,182,88%,208,99%,,Leads efectivos,85,105,110%,85,110%,,,Leads efectivos,385,618,110%,385,110%,,Leads efectivos,85,58,68%,85,68%,,Leads efectivos,,185,,,,,,Leads efectivos,28,38,110%,28,110%,,Leads efectivos,45,87,110%,45,110%,,,,,,,,,,,,,,
Cita programada,285,305,107%,285,107%,,Cita programada,85,37,44%,85,44%,,Cita programada,85,105,110%,85,110%,,,Cita programada,94,78,83%,94,83%,,Cita programada,32,20,63%,32,63%,,Cita programada,,48,,,,,,Cita programada,18,17,94%,18,94%,,Cita programada,28,20,71%,28,71%,,,,,,,,,,,,,,
Cita efectiva,215,237,110%,215,110%,,Cita efectiva,45,28,62%,45,62%,,Cita efectiva,85,105,110%,85,110%,,,Cita efectiva,60,36,60%,60,60%,,Cita efectiva,25,17,68%,25,68%,,Cita efectiva,,44,,,,,,Cita efectiva,12,7,58%,12,58%,,Cita efectiva,15,15,100%,15,100%,,,,,,,,,,,,,,
Prueba de manejo,130,118,91%,130,91%,,Prueba de manejo,33,25,76%,33,76%,,Prueba de manejo,48,41,85%,48,85%,,,Prueba de manejo,36,25,69%,36,69%,,Prueba de manejo,20,8,40%,20,40%,,Prueba de manejo,,15,,,,,,Prueba de manejo,10,4,40%,10,40%,,Prueba de manejo,8,5,63%,8,63%,,,,,,,,,,,,,,
Solicitud de crédito generada,125,85,68%,125,68%,,Solicitud de crédito generada,28,22,79%,28,79%,,Solicitud de crédito generada,35,24,69%,35,69%,,,Solicitud de crédito generada,28,16,57%,28,57%,,Solicitud de crédito generada,17,0,0%,17,0%,,Solicitud de crédito generada,,15,,,,,,Solicitud de crédito generada,5,8,110%,5,110%,,Solicitud de crédito generada,6,4,67%,6,67%,,,,,,,,,,,,,,
Solicitud de crédito aprobada,58,41,71%,58,71%,,Solicitud de crédito aprobada,16,9,56%,16,56%,,Solicitud de crédito aprobada,17,14,82%,17,82%,,,Solicitud de crédito aprobada,15,8,53%,15,53%,,Solicitud de crédito aprobada,10,0,0%,10,0%,,Solicitud de crédito aprobada,,7,,,,,,Solicitud de crédito aprobada,3,3,100%,3,100%,,Solicitud de crédito aprobada,4,2,50%,4,50%,,,,,,,,,,,,,,
Formalizado,32,18,56%,32,56%,,Formalizado,6,3,50%,6,50%,,Formalizado,6,7,110%,6,110%,,,Formalizado,8,6,75%,8,75%,,Formalizado,2,0,0%,2,0%,,Formalizado,,2,,,,,,Formalizado,1,0,0%,1,0%,,Formalizado,2,1,50%,2,50%,,,,,,,,,,,,,,
Ventas ,40,41,103%,40,103%,,Ventas ,10,5,50%,10,50%,,Ventas ,13,8,62%,13,62%,,,Ventas ,12,11,92%,12,92%,,Ventas ,3,0,0%,3,0%,,Ventas ,,17,,,,,,Ventas ,1,0,0%,1,0%,,Ventas ,3,2,67%,3,67%,,,,,,,,,,,,,,
,,,,,,,,,,,,,,,,,,,,,,,,,,,,,,,,,,,,,,,,,,,,,,,,,,,,,,,,,,,,,,,,,,,,,,
Funnel Abril 2026,,,,,,,,,,,,,,,,,,,,,,,,,,,,,,,,,,,,,,,,,,,,,,,,,,,,,,,,,,,,,,,,,,,,,,
,,,,,,,,,,,,,,,,,,,,,,,,,,,,,,,,,,,,,,,,,,,,,,,,,,,,,,,,,,,,,,,,,,,,,,
GAC Angelopolis,,,,,,,Plaza Angelopólis ,,,,,,,Piso ,,,,,,,,Digital ,,,,,,,Plaza Tlaxcala ,,,,,,,Otros,,,,,,,,Estrategia de Prospeccion,,,,,,,Plaza Pachuca,,,,,,,,,,,,,,,,,,,
Item,Obj,Real,Acu,Obj al dia ,Cumpli,,Item,Obj,Real,Acu,Obj al dia ,Cumpli,,Item,Obj,Real,Acu,Obj al dia ,Cumpli,,,Item,Obj,Real,Acu,Obj al dia ,Cumpli,,Item,Obj,Real,Acu,Obj al dia ,Cumpli,,Item,Obj,Real,Acu,Obj al dia ,Cumpli,,,Item,Obj,Real,Acu,Obj al dia ,Cumpli,,Item,Obj,Real,Acu,Obj al dia ,Cumpli,,,,,,,,,,,,,,
Ventas ,45,41,91%,45,91%,,Ventas ,10,4,40%,10,40%,,Ventas ,13,9,69%,13,69%,,,Ventas ,12,8,67%,12,67%,,Ventas ,3,2,67%,3,67%,,Ventas ,3,16,110%,3,110%,,,Ventas ,1,1,100%,1,100%,,Ventas ,3,1,33%,3,33%,,,,,,,,,,,,,,
Leads generados,1380,1393,101%,1380,101%,,Leads generados,280,208,74%,280,74%,,Leads generados,85,79,93%,85,93%,,,Leads generados,600,834,110%,600,110%,,Leads generados,100,88,88%,100,88%,,Leads generados,105,67,140%,105,140%,,,Leads generados,30,62,110%,30,110%,,Leads generados,60,55,92%,60,92%,,,,,,,,,,,,,,
Leads efectivos,926,724,78%,926,78%,,Leads efectivos,208,208,100%,208,100%,,Leads efectivos,85,79,93%,85,93%,,,Leads efectivos,385,179,46%,385,46%,,Leads efectivos,85,88,104%,85,104%,,Leads efectivos,90,66,151%,90,151%,,,Leads efectivos,28,49,110%,28,110%,,Leads efectivos,45,55,110%,45,110%,,,,,,,,,,,,,,
Cita programada,285,146,51%,285,51%,,Cita programada,85,23,27%,85,27%,,Cita programada,85,12,14%,85,14%,,,Cita programada,94,83,88%,94,88%,,Cita programada,32,10,31%,32,31%,,Cita programada,60,7,20%,60,20%,,,Cita programada,18,3,17%,18,17%,,Cita programada,28,8,29%,28,29%,,,,,,,,,,,,,,
Cita efectiva,215,105,49%,215,49%,,Cita efectiva,45,15,33%,45,33%,,Cita efectiva,85,10,12%,85,12%,,,Cita efectiva,60,59,98%,60,98%,,Cita efectiva,25,9,36%,25,36%,,Cita efectiva,55,4,14%,55,14%,,,Cita efectiva,12,1,8%,12,8%,,Cita efectiva,15,7,47%,15,47%,,,,,,,,,,,,,,
Prueba de manejo,130,117,90%,130,90%,,Prueba de manejo,33,17,52%,33,52%,,Prueba de manejo,48,36,75%,48,75%,,,Prueba de manejo,36,35,97%,36,97%,,Prueba de manejo,20,7,35%,20,35%,,Prueba de manejo,42,13,58%,42,58%,,,Prueba de manejo,10,3,30%,10,30%,,Prueba de manejo,8,6,75%,8,75%,,,,,,,,,,,,,,
Solicitud de crédito generada,125,74,59%,125,59%,,Solicitud de crédito generada,28,13,46%,28,46%,,Solicitud de crédito generada,35,18,51%,35,51%,,,Solicitud de crédito generada,28,32,110%,28,110%,,Solicitud de crédito generada,17,2,12%,17,12%,,Solicitud de crédito generada,33,7,28%,33,28%,,,Solicitud de crédito generada,5,0,0%,5,0%,,Solicitud de crédito generada,6,2,33%,6,33%,,,,,,,,,,,,,,
Solicitud de crédito aprobada,58,41,71%,58,71%,,Solicitud de crédito aprobada,16,9,56%,16,56%,,Solicitud de crédito aprobada,17,10,59%,17,59%,,,Solicitud de crédito aprobada,15,14,93%,15,93%,,Solicitud de crédito aprobada,10,2,20%,10,20%,,Solicitud de crédito aprobada,23,5,28%,23,28%,,,Solicitud de crédito aprobada,3,0,0%,3,0%,,Solicitud de crédito aprobada,4,1,25%,4,25%,,,,,,,,,,,,,,
Formalizado,32,16,50%,32,50%,,Formalizado,6,4,67%,6,67%,,Formalizado,6,7,110%,6,110%,,,Formalizado,8,4,50%,8,50%,,Formalizado,2,0,0%,2,0%,,Formalizado,3,1,50%,3,50%,,,Formalizado,1,0,0%,1,0%,,Formalizado,2,0,0%,2,0%,,,,,,,,,,,,,,
Ventas ,45,41,91%,45,91%,,Ventas ,10,4,40%,10,40%,,Ventas ,13,9,69%,13,69%,,,Ventas ,12,8,67%,12,67%,,Ventas ,3,2,67%,3,67%,,Ventas ,3,16,110%,3,110%,,,Ventas ,1,1,100%,1,100%,,Ventas ,3,1,33%,3,33%,,,,,,,,,,,,,,
,,,,,,,,,,,,,,,,,,,,,,,,,,,,,,,,,,,,,,,,,,,,,,,,,,,,,,,,,,,,,,,,,,,,,,
Funnel Mayo 2026,,,,,,,,,,,,,,,,,,,,,,,,,,,,,,,,,,,,,,,,,,,,,,,,,,,,,,,,,,,,,,,,,,,,,,
,,,,,,,,,,,,,,,,,,,,,,,,,,,,,,,,,,,,,,,,,,,,,,,,,,,,,,,,,,,,,,,,,,,,,,
GAC Angelopolis,,,,,,,Plaza Angelopólis ,,,,,,,Piso ,,,,,,,,Custom ,,,,,,,Digital,,,,,,,Gran Patio Tlaxcala ,,,,,,,,Otros ,,,,,,,Prospeccion ,,,,,,,Plaza Pachuca ,,,,,,,,,,,,
Item,Obj,Real,Acu,Obj al dia ,Cumpli,,Item,Obj,Real,Acu,Obj al dia ,Cumpli,,Item,Obj,Real,Acu,Obj al dia ,Cumpli,,,Item,Obj,Real,Acu,Obj al dia ,Cumpli,,Item,Obj,Real,Acu,Obj al dia ,Cumpli,,Item,Obj,Real,Acu,Obj al dia ,Cumpli,,,Item,Obj,Real,Acu,Obj al dia ,Cumpli,,Item,Obj,Real,Acu,Obj al dia ,Cumpli,,Item,Obj,Real,Acu,Obj al dia ,Cumpli,,,,,,,
Ventas ,45,35,78%,45,78%,,Ventas ,10,3,30%,10,30%,,Ventas ,13,9,69%,13,69%,,,Ventas ,1,0,0%,1,0%,,Ventas ,12,9,75%,12,75%,,Ventas ,3,1,33%,3,33%,,,Ventas ,2,9,110%,2,110%,,Ventas ,1,1,100%,1,100%,,Ventas ,3,3,100%,3,100%,,,,,,,
Leads generados,1380,1251,91%,1380,91%,,Leads generados,280,198,71%,280,71%,,Leads generados,85,115,110%,85,110%,,,Leads generados,20,10,50%,20,50%,,Leads generados,600,667,110%,600,110%,,Leads generados,100,115,110%,100,110%,,,Leads generados,85,43,51%,85,51%,,Leads generados,50,64,110%,50,110%,,Leads generados,60,39,65%,60,65%,,,,,,,
Leads efectivos,926,735,79%,926,79%,,Leads efectivos,208,193,93%,208,93%,,Leads efectivos,85,115,110%,85,110%,,,Leads efectivos,20,10,50%,20,50%,,Leads efectivos,385,169,44%,385,44%,,Leads efectivos,85,115,110%,85,110%,,,Leads efectivos,70,41,59%,70,59%,,Leads efectivos,35,53,110%,35,110%,,Leads efectivos,45,39,87%,45,87%,,,,,,,
Cita programada,285,355,110%,285,110%,,Cita programada,85,35,41%,85,41%,,Cita programada,85,107,110%,85,110%,,,Cita programada,20,7,35%,20,35%,,Cita programada,94,139,110%,94,110%,,Cita programada,32,13,41%,32,41%,,,Cita programada,40,11,28%,40,28%,,Cita programada,25,22,88%,25,88%,,Cita programada,28,21,75%,28,75%,,,,,,,
Cita efectiva,215,267,110%,215,110%,,Cita efectiva,45,22,49%,45,49%,,Cita efectiva,85,91,107%,85,107%,,,Cita efectiva,20,5,25%,20,25%,,Cita efectiva,60,103,110%,60,110%,,Cita efectiva,25,9,36%,25,36%,,,Cita efectiva,35,10,29%,35,29%,,Cita efectiva,15,8,53%,15,53%,,Cita efectiva,15,19,110%,15,110%,,,,,,,
Prueba de manejo,130,143,110%,130,110%,,Prueba de manejo,33,18,55%,33,55%,,Prueba de manejo,48,47,98%,48,98%,,,Prueba de manejo,12,7,58%,12,58%,,Prueba de manejo,36,37,103%,36,103%,,Prueba de manejo,20,8,40%,20,40%,,,Prueba de manejo,30,14,47%,30,47%,,Prueba de manejo,10,6,60%,10,60%,,Prueba de manejo,8,6,75%,8,75%,,,,,,,
Solicitud de crédito generada,125,95,76%,125,76%,,Solicitud de crédito generada,28,9,32%,28,32%,,Solicitud de crédito generada,35,24,69%,35,69%,,,Solicitud de crédito generada,8,0,0%,8,0%,,Solicitud de crédito generada,17,30,110%,17,110%,,Solicitud de crédito generada,17,5,29%,17,29%,,,Solicitud de crédito generada,25,19,76%,25,76%,,Solicitud de crédito generada,5,4,80%,5,80%,,Solicitud de crédito generada,6,4,67%,6,67%,,,,,,,
Solicitud de crédito aprobada,58,44,76%,58,76%,,Solicitud de crédito aprobada,16,5,31%,16,31%,,Solicitud de crédito aprobada,17,14,82%,17,82%,,,Solicitud de crédito aprobada,5,0,0%,5,0%,,Solicitud de crédito aprobada,15,8,53%,15,53%,,Solicitud de crédito aprobada,10,2,20%,10,20%,,,Solicitud de crédito aprobada,18,11,61%,18,61%,,Solicitud de crédito aprobada,3,3,100%,3,100%,,Solicitud de crédito aprobada,4,1,25%,4,25%,,,,,,,
Formalizado,32,18,56%,32,56%,,Formalizado,6,2,33%,6,33%,,Formalizado,8,6,75%,8,75%,,,Formalizado,1,0,0%,1,0%,,Formalizado,8,3,38%,8,38%,,Formalizado,2,0,0%,2,0%,,,Formalizado,2,5,110%,2,110%,,Formalizado,1,1,100%,1,100%,,Formalizado,2,1,50%,2,50%,,,,,,,
Ventas ,45,35,78%,45,78%,,Ventas ,10,3,30%,10,30%,,Ventas ,13,9,69%,13,69%,,,Ventas ,1,0,0%,1,0%,,Ventas ,12,9,75%,12,75%,,Ventas ,3,1,33%,3,33%,,,Ventas ,2,9,110%,2,110%,,Ventas ,1,1,100%,1,100%,,Ventas ,3,3,100%,3,100%,,,,,,,
,,,,,,,,,,,,,,,,,,,,,,,,,,,,,,,,,,,,,,,,,,,,,,,,,,,,,,,,,,,,,,,,,,,,,,
Funnel Junio 2026,,,,,,,,,,,,,,,,,,,,,,,,,,,,,,,,,,,,,,,,,,,,,,,,,,,,,,,,,,,,,,,,,,,,,,
,,,,,,,,,,,,,,,,,,,,,,,,,,,,,,,,,,,,,,,,,,,,,,,,,,,,,,,,,,,,,,,,,,,,,,
GAC Angelopolis,,,,,,,Plaza Angelopólis ,,,,,,,Piso ,,,,,,,,Custom ,,,,,,,Digital,,,,,,,Gran Patio Tlaxcala ,,,,,,,,Otros ,,,,,,,Prospeccion ,,,,,,,Plaza Pachuca ,,,,,,,Plaza Pachuca ,,,,,
Item,Obj,Real,Acu,Obj al dia ,Cumpli,,Item,Obj,Real,Acu,Obj al dia ,Cumpli,,Item,Obj,Real,Acu,Obj al dia ,Cumpli,,,Item,Obj,Real,Acu,Obj al dia ,Cumpli,,Item,Obj,Real,Acu,Obj al dia ,Cumpli,,Item,Obj,Real,Acu,Obj al dia ,Cumpli,,,Item,Obj,Real,Acu,Obj al dia ,Cumpli,,Item,Obj,Real,Acu,Obj al dia ,Cumpli,,Item,Obj,Real,Acu,Obj al dia ,Cumpli,,Item,Obj,Real,Acu,Obj al dia ,Cumpli
Ventas ,45,37,82%,45,82%,,Ventas ,10,4,40%,10,40%,,Ventas ,13,11,85%,13,85%,,,Ventas ,1,0,0%,1,0%,,Ventas ,13,7,54%,13,54%,,Ventas ,2,2,100%,2,100%,,,Ventas ,1,9,110%,1,110%,,Ventas ,1,0,0%,1,0%,,Ventas ,2,4,110%,2,110%,,Ventas ,2,0,0%,2,0%
Leads generados,1575,"1,315",83%,"1,575",83%,,Leads generados,250,250,100%,250,100%,,Leads generados,95,85,89%,95,89%,,,Leads generados,15,11,73%,15,73%,,Leads generados,758,748,99%,758,99%,,Leads generados,100,81,81%,100,81%,,,Leads generados,85,49,58%,85,58%,,Leads generados,30,19,63%,30,63%,,Leads generados,60,43,72%,60,72%,,Leads generados,70,29,41%,70,41%
Leads efectivos,1181,754,64%,"1,181",64%,,Leads efectivos,220,250,110%,220,110%,,Leads efectivos,95,84,88%,95,88%,,,Leads efectivos,15,11,73%,15,73%,,Leads efectivos,382,200,52%,382,52%,,Leads efectivos,85,81,95%,85,95%,,,Leads efectivos,70,37,53%,70,53%,,Leads efectivos,25,19,76%,25,76%,,Leads efectivos,45,43,96%,45,96%,,Leads efectivos,58,29,50%,58,50%
Cita programada,258,251,97%,258,97%,,Cita programada,85,41,48%,85,48%,,Cita programada,95,28,29%,95,29%,,,Cita programada,15,8,53%,15,53%,,Cita programada,150,101,67%,150,67%,,Cita programada,35,43,110%,35,110%,,,Cita programada,20,11,55%,20,55%,,Cita programada,18,3,17%,18,17%,,Cita programada,28,14,50%,28,50%,,Cita programada,35,2,6%,35,6%
Cita efectiva,170,154,91%,170,91%,,Cita efectiva,45,21,47%,45,47%,,Cita efectiva,95,25,26%,95,26%,,,Cita efectiva,15,6,40%,15,40%,,Cita efectiva,60,53,88%,60,88%,,Cita efectiva,15,25,110%,15,110%,,,Cita efectiva,15,9,60%,15,60%,,Cita efectiva,7,2,29%,7,29%,,Cita efectiva,20,12,60%,20,60%,,Cita efectiva,20,1,5%,20,5%
Prueba de manejo,142,128,90%,142,90%,,Prueba de manejo,30,27,90%,30,90%,,Prueba de manejo,53,42,79%,53,79%,,,Prueba de manejo,8,7,88%,8,88%,,Prueba de manejo,42,28,67%,42,67%,,Prueba de manejo,10,8,80%,10,80%,,,Prueba de manejo,10,9,90%,10,90%,,Prueba de manejo,5,1,20%,5,20%,,Prueba de manejo,12,6,50%,12,50%,,Prueba de manejo,15,0,0%,15,0%
Solicitud de crédito generada,105,81,77%,105,77%,,Solicitud de crédito generada,25,9,36%,25,36%,,Solicitud de crédito generada,35,22,63%,35,63%,,,Solicitud de crédito generada,5,0,0%,5,0%,,Solicitud de crédito generada,25,28,110%,25,110%,,Solicitud de crédito generada,5,1,20%,5,20%,,,Solicitud de crédito generada,5,14,110%,5,110%,,Solicitud de crédito generada,3,1,33%,3,33%,,Solicitud de crédito generada,5,6,110%,5,110%,,Solicitud de crédito generada,8,0,0%,8,0%
Solicitud de crédito aprobada,58,35,60%,58,60%,,Solicitud de crédito aprobada,18,4,22%,18,22%,,Solicitud de crédito aprobada,18,15,83%,18,83%,,,Solicitud de crédito aprobada,3,0,0%,3,0%,,Solicitud de crédito aprobada,15,7,47%,15,47%,,Solicitud de crédito aprobada,3,1,33%,3,33%,,,Solicitud de crédito aprobada,4,5,110%,4,110%,,Solicitud de crédito aprobada,2,0,0%,2,0%,,Solicitud de crédito aprobada,3,3,100%,3,100%,,Solicitud de crédito aprobada,4,0,0%,4,0%
Formalizado,32,12,38%,32,38%,,Formalizado,7,2,29%,7,29%,,Formalizado,8,6,75%,8,75%,,,Formalizado,1,0,0%,1,0%,,Formalizado,10,2,20%,10,20%,,Formalizado,1,0,0%,1,0%,,,Formalizado,1,2,110%,1,110%,,Formalizado,1,0,0%,1,0%,,Formalizado,1,0,0%,1,0%,,Formalizado,1,0,0%,1,0%
Ventas ,45,37,82%,45,82%,,Ventas ,10,4,40%,10,40%,,Ventas ,13,11,85%,13,85%,,,Ventas ,1,0,0%,1,0%,,Ventas ,13,7,54%,13,54%,,Ventas ,2,2,100%,2,100%,,,Ventas ,1,9,110%,1,110%,,Ventas ,1,0,0%,1,0%,,Ventas ,2,4,110%,2,110%,,Ventas ,2,0,0%,2,0%
